sample_index,label_row,sample_id,video_id,clip_id,video_path,video_sha256,wav_path,wav_sha256,transcript_lab_path,transcript_lab_sha256,textgrid_path,textgrid_sha256,openface_csv_path,openface_csv_sha256,feature_sha256,original_word_count,valid_length,was_aggregated,alignment_method,face_detection_failure_rate,wav_duration_s,wav_video_duration_gap_s,openface_frame_count
0,2,-3g5yACwYnA$_$13,-3g5yACwYnA,13,/Users/wangyiming/Desktop/E题/E题数据/附件1-数据集原始多模态样本/MOSEI数据集部分原始视频-100条/-3g5yACwYnA/13.mp4,aeb47627f59dce3d0a85a44ef35e4a3bc18211498e98c8c11cf60269646df24f,/Users/wangyiming/Desktop/E题/problem1/work/mfa_corpus/-3g5yACwYnA__13.wav,a9a819084c5ba3b90b7db335514d7f5617fd9429eea9cc3f5b3f9c163f56fc61,/Users/wangyiming/Desktop/E题/problem1/work/mfa_corpus/-3g5yACwYnA__13.lab,b4908ef894327874eccf743ec6312b6d687aabf5d51cef325c2444a7abb2d852,/Users/wangyiming/Desktop/E题/problem1/work/mfa_alignment/-3g5yACwYnA__13.TextGrid,382005a9b0495e0fb019f2f157dc4911971de593a7b1617398ce685c62107282,/Users/wangyiming/Desktop/E题/problem1/work/openface/-3g5yACwYnA__13/13.csv,f3737d56b6325eac1765643bbe0b9da5c15d1cc6bd52040f50fb80c75a02603e,6121be3dfb272fe1c3ba6994c885826c818649a810eb19d5cf60ae54a69c88e0,15,15,False,mfa_forced_alignment,0.0,5.399125,0.11487200000000009,163
1,3,-3g5yACwYnA$_$3,-3g5yACwYnA,3,/Users/wangyiming/Desktop/E题/E题数据/附件1-数据集原始多模态样本/MOSEI数据集部分原始视频-100条/-3g5yACwYnA/3.mp4,eff8cfefba2425155f2b72656829b34b23be8bfe1dcbece384154f56818aa26d,/Users/wangyiming/Desktop/E题/problem1/work/mfa_corpus/-3g5yACwYnA__3.wav,edffaad1df7960b42c66878c43a490ef7e7d52ea94f7f80e025e76ccfdd28d00,/Users/wangyiming/Desktop/E题/problem1/work/mfa_corpus/-3g5yACwYnA__3.lab,7f07c40a0a8ad40b745e6802667e55346440fd124bf01ef38a951641ddb772b8,/Users/wangyiming/Desktop/E题/problem1/work/mfa_alignment/-3g5yACwYnA__3.TextGrid,861b030464863c236339fc32bf27ddaec1d2c7b03701823ea0601c0f7d04d783,/Users/wangyiming/Desktop/E题/problem1/work/openface/-3g5yACwYnA__3/3.csv,4aebf7565f9bd17ac1b21aaec236c50c044bbb297fb1242d54a5e027ff1baa31,55ea7dfba8888a82bdeb8877d8f8be0f665b6d985951689ff9fad59c2b5dbf3c,29,29,False,mfa_forced_alignment,0.0,14.327875,0.06112199999999923,431
2,4,-3g5yACwYnA$_$2,-3g5yACwYnA,2,/Users/wangyiming/Desktop/E题/E题数据/附件1-数据集原始多模态样本/MOSEI数据集部分原始视频-100条/-3g5yACwYnA/2.mp4,0619c01f137d017c15c058176f18a575919189c7e81ebd2bfb993afdb86f3de7,/Users/wangyiming/Desktop/E题/problem1/work/mfa_corpus/-3g5yACwYnA__2.wav,00ec4d678081cf8ae0fe787ba528406faf47c7538372186e15c24391a935e24d,/Users/wangyiming/Desktop/E题/problem1/work/mfa_corpus/-3g5yACwYnA__2.lab,490ed1fd3307515b6204f6ed713e0f03565adbbae73a142ef40568b92c6fc250,/Users/wangyiming/Desktop/E题/problem1/work/mfa_alignment/-3g5yACwYnA__2.TextGrid,bc9d530da14ffc3f953c126f568f839103109c0794eed938de1f8740d3b521d4,/Users/wangyiming/Desktop/E题/problem1/work/openface/-3g5yACwYnA__2/2.csv,b4a0a497df5b4b8efb8e15d571e1c9c0c939907bed7e5e02a808e7f079b14151,e8435c671094c950869e3f3c631d5751a498623d10c7d29f31298471a81b3b31,14,14,False,mfa_forced_alignment,0.0,9.2313125,0.16269750000000016,278
3,5,-3g5yACwYnA$_$9,-3g5yACwYnA,9,/Users/wangyiming/Desktop/E题/E题数据/附件1-数据集原始多模态样本/MOSEI数据集部分原始视频-100条/-3g5yACwYnA/9.mp4,b962573b12ed1f06d5533f6427c80dce2bae3a99dd332f6d3fcb32c579f3f016,/Users/wangyiming/Desktop/E题/problem1/work/mfa_corpus/-3g5yACwYnA__9.wav,2b7410d6fd2c93834a590b55de200c9649eb6e05b6d21b6607222c4e23846ebe,/Users/wangyiming/Desktop/E题/problem1/work/mfa_corpus/-3g5yACwYnA__9.lab,4b26a5e307921b897d6a33baf804a77e16e54dd6471e97f354391a3cb37fd22f,/Users/wangyiming/Desktop/E题/problem1/work/mfa_alignment/-3g5yACwYnA__9.TextGrid,91ad5e6e70a46e90c37f365600006db2e4f2a8e5022ba001d1b266ac6b8d6c8f,/Users/wangyiming/Desktop/E题/problem1/work/openface/-3g5yACwYnA__9/9.csv,bd83ef97598c97a688d768ec37b502a5ef47bc2db4534fcc7b2cb1fd6310127e,3482c04aa3a5b8ef8198ae40aefd3324f0b0f7944a00440bb6194212c729fb45,23,23,False,mfa_forced_alignment,0.0,8.696125,0.1208670000000005,263
4,6,-3nNcZdcdvU$_$5,-3nNcZdcdvU,5,/Users/wangyiming/Desktop/E题/E题数据/附件1-数据集原始多模态样本/MOSEI数据集部分原始视频-100条/-3nNcZdcdvU/5.mp4,7ea53ad502b77be7d2ee4494dc23a9478c897792203cf887d546e83d584c1728,/Users/wangyiming/Desktop/E题/problem1/work/mfa_corpus/-3nNcZdcdvU__5.wav,e89bfb9b04bde31d42ffd914db196c11140f7b0c3af127827856f163b359575e,/Users/wangyiming/Desktop/E题/problem1/work/mfa_corpus/-3nNcZdcdvU__5.lab,d0a1b584c88c4fa31b72084ae234b0139e9b868026939b768ea1c96ded6fe933,/Users/wangyiming/Desktop/E题/problem1/work/mfa_alignment/-3nNcZdcdvU__5.TextGrid,61f09cc04310035a1ca384cb134f687089c31c7d502fd90071f411fdf75b34d3,/Users/wangyiming/Desktop/E题/problem1/work/openface/-3nNcZdcdvU__5/5.csv,d217ff30d63678b39d30fdc6e4fd7e8692dabc67d0423e3f3aa1aa045968f3f4,09e080503d32be252693a9221c4e5e37c2956d7688624952c828c4caca2e2717,18,18,False,mfa_forced_alignment,0.0,7.7885625,0.07940650000000016,236
5,7,-HwX2H8Z4hY$_$2,-HwX2H8Z4hY,2,/Users/wangyiming/Desktop/E题/E题数据/附件1-数据集原始多模态样本/MOSEI数据集部分原始视频-100条/-HwX2H8Z4hY/2.mp4,920a1052c09ebd1eedba6dd1ccfecd80f56f6f0fdcdd1f6dd32b0d90bcb89358,/Users/wangyiming/Desktop/E题/problem1/work/mfa_corpus/-HwX2H8Z4hY__2.wav,c892630a972a2931af32074effa8092e8089e6c1f7196f29b4789360b44208ed,/Users/wangyiming/Desktop/E题/problem1/work/mfa_corpus/-HwX2H8Z4hY__2.lab,b23c1b5bbf3060472b21184f7649670064a38b1ba9cdf76c9f90496367b1aa67,/Users/wangyiming/Desktop/E题/problem1/work/mfa_alignment/-HwX2H8Z4hY__2.TextGrid,0afabbfa689434e7bae32de0676e271d6c3dc05127488d42eb23b15dd7feb0cf,/Users/wangyiming/Desktop/E题/problem1/work/openface/-HwX2H8Z4hY__2/2.csv,04058c767f7133da92a7a4e5fdd570c80cce2600c4ef1c4109e8fd9f09fbcaae,292ed2ab938955c8dc16433cd87f24b64082591bedc16fa0a251a62f79497cca,5,5,False,mfa_forced_alignment,0.7310924530029297,3.9158125,0.06621850000000018,119
6,8,-HwX2H8Z4hY$_$5,-HwX2H8Z4hY,5,/Users/wangyiming/Desktop/E题/E题数据/附件1-数据集原始多模态样本/MOSEI数据集部分原始视频-100条/-HwX2H8Z4hY/5.mp4,8d61b7f5840a8bd403d9bc6c3cd49029ffc4e304cf9c7834735c1a6bb5fd369d,/Users/wangyiming/Desktop/E题/problem1/work/mfa_corpus/-HwX2H8Z4hY__5.wav,10fafd4fe3139f6ea74499398f46e7950326fe41c484a29b32af288a6b46d350,/Users/wangyiming/Desktop/E题/problem1/work/mfa_corpus/-HwX2H8Z4hY__5.lab,dde379d789cb6555d481304c269ec258e2b79e399eee1fd961b14c3cae22711f,/Users/wangyiming/Desktop/E题/problem1/work/mfa_alignment/-HwX2H8Z4hY__5.TextGrid,1532ee8c486310100fa120cd8637c8980a2ce1c608defb086cc8a1fb50a3dbb5,/Users/wangyiming/Desktop/E题/problem1/work/openface/-HwX2H8Z4hY__5/5.csv,6cb254d7fd0d67056ba10ab8f6e84b391936f2562e2cc02368b974d98354667f,9e7511c76eea0b33de8448d6fa6e2d98d9947e9bceefe7754be82bcbfac97d77,9,9,False,mfa_forced_alignment,0.648809552192688,5.5440625,0.10893249999999988,168
7,9,-HwX2H8Z4hY$_$6,-HwX2H8Z4hY,6,/Users/wangyiming/Desktop/E题/E题数据/附件1-数据集原始多模态样本/MOSEI数据集部分原始视频-100条/-HwX2H8Z4hY/6.mp4,696576dcbd0dc42cb678fa40d8a0f0f419a3072bfa7662d653756ab29bba4c46,/Users/wangyiming/Desktop/E题/problem1/work/mfa_corpus/-HwX2H8Z4hY__6.wav,3ac969024edaeae0e015b429eff445f2642ced3ea6bac02b430e771388a88ab4,/Users/wangyiming/Desktop/E题/problem1/work/mfa_corpus/-HwX2H8Z4hY__6.lab,97d4fe3e7341a017015cbf1ed7d523266e63c8c823c85c8189374ce33d4c4618,/Users/wangyiming/Desktop/E题/problem1/work/mfa_alignment/-HwX2H8Z4hY__6.TextGrid,bc61f6ab1e6b1bf1b75ac3a67918cff10e834b8e8cf6febe8f030bbaa5ac51d1,/Users/wangyiming/Desktop/E题/problem1/work/openface/-HwX2H8Z4hY__6/6.csv,4a84070a5f6cdd5219ca14b1c3cc4ccb2d7574112509dd31c4d7bf554d00b236,719ff7f555e8fb1dc3de8bb02f20d190ba2d66b868dcecb94cdb51209a115081,7,7,False,mfa_forced_alignment,0.38383838534355164,3.256,0.1020080000000001,99
8,10,-HwX2H8Z4hY$_$9,-HwX2H8Z4hY,9,/Users/wangyiming/Desktop/E题/E题数据/附件1-数据集原始多模态样本/MOSEI数据集部分原始视频-100条/-HwX2H8Z4hY/9.mp4,90c18e627f27a12c14e21ba24c79edf3008762b4ac26874b490ad3f888381702,/Users/wangyiming/Desktop/E题/problem1/work/mfa_corpus/-HwX2H8Z4hY__9.wav,6cbd7aaaa0846414ed9448e9867d407028c8d0c35b94ecfbf0c2cadaea88659e,/Users/wangyiming/Desktop/E题/problem1/work/mfa_corpus/-HwX2H8Z4hY__9.lab,861c87ab67bcfe07ba1450280dc575055be416be607d07b5d1720df96d347ed3,/Users/wangyiming/Desktop/E题/problem1/work/mfa_alignment/-HwX2H8Z4hY__9.TextGrid,93582e848b5beef91de821935332df05dee5b56d97682ad116fa9a4d1c7c9f0c,/Users/wangyiming/Desktop/E题/problem1/work/openface/-HwX2H8Z4hY__9/9.csv,03695b619714ae75bfb1edbcdbd396d8d60a3e19cef55ef245abe78cd96fdf3c,2344bdee2aec065d6ec774954ebd8aa5b5aa5ebac0f622cbfc940c71f2b7cb9c,22,22,False,mfa_forced_alignment,0.017241379246115685,7.6363125,0.09767150000000058,232
9,11,-NFrJFQijFE$_$1,-NFrJFQijFE,1,/Users/wangyiming/Desktop/E题/E题数据/附件1-数据集原始多模态样本/MOSEI数据集部分原始视频-100条/-NFrJFQijFE/1.mp4,d8fcf16c6eb51c56947ec3d0549c6f3bc7a0cf1fc5f5d89e8b38d4249a08db4f,/Users/wangyiming/Desktop/E题/problem1/work/mfa_corpus/-NFrJFQijFE__1.wav,6960c61eb7e26c51738bbf760254fe97ae4d269e13d7a044684649e33f558723,/Users/wangyiming/Desktop/E题/problem1/work/mfa_corpus/-NFrJFQijFE__1.lab,09ff043262f6c773808e679327d96e4541d8ebcc80bde8e98f92d9467a140045,/Users/wangyiming/Desktop/E题/problem1/work/mfa_alignment/-NFrJFQijFE__1.TextGrid,e01c482e9f1b8fe59a59d964ce5e26f1a5f2aa22fa20e9d9897d81aba7dd9b3e,/Users/wangyiming/Desktop/E题/problem1/work/openface/-NFrJFQijFE__1/1.csv,9c75e96bbecac6bca3cd4af06dcc01222f32e27377b085aeea4424d06d85730a,4aff72afb1e047eadb378258f26de1da3dda15efc72b5673b30aeeb6addda9c5,16,16,False,mfa_forced_alignment,1.0,5.658875,0.08712500000000034,142
10,12,-NFrJFQijFE$_$2,-NFrJFQijFE,2,/Users/wangyiming/Desktop/E题/E题数据/附件1-数据集原始多模态样本/MOSEI数据集部分原始视频-100条/-NFrJFQijFE/2.mp4,a54a5c144a64f5abd26b19aafa6cea8142ee08e9385fa508fa70c934f6b616c1,/Users/wangyiming/Desktop/E题/problem1/work/mfa_corpus/-NFrJFQijFE__2.wav,23db44fd11f43d62641510470a4ef84bc10fbd75e143a1e8079429c17f93dbe4,/Users/wangyiming/Desktop/E题/problem1/work/mfa_corpus/-NFrJFQijFE__2.lab,cf233b5145b3ec8d347fbebba5b0617348622272ce1ee759259356d77bf887ed,/Users/wangyiming/Desktop/E题/problem1/work/mfa_alignment/-NFrJFQijFE__2.TextGrid,401b83343a3ff66c8d46c890cfdd5f37cf3978740d134e7180db15651ef07bf8,/Users/wangyiming/Desktop/E题/problem1/work/openface/-NFrJFQijFE__2/2.csv,9c9c2697fb392ae3ace531f24e0777ea15a2d8f69ee96063a2978ec680f70307,122a5b39aab70d29b547cceb6f23c0ca430c1267aaa0aa9141cdf386a53b0231,18,18,False,mfa_forced_alignment,1.0,6.6983125,0.15768749999999976,169
11,13,-THoVjtIkeU$_$12,-THoVjtIkeU,12,/Users/wangyiming/Desktop/E题/E题数据/附件1-数据集原始多模态样本/MOSEI数据集部分原始视频-100条/-THoVjtIkeU/12.mp4,e2f148f4f2e74724dc13b3ce870a0ce6a06740cfc224f5a9b3d0a870b196e7d4,/Users/wangyiming/Desktop/E题/problem1/work/mfa_corpus/-THoVjtIkeU__12.wav,1df7e09a79fc5dc969a930b1db37210598d26d5aba7d04370a6a8216616f2756,/Users/wangyiming/Desktop/E题/problem1/work/mfa_corpus/-THoVjtIkeU__12.lab,9646cff9b4ceb0b020d5e728aba66a83c25d844a6fc2fe127ebded3250627fb4,/Users/wangyiming/Desktop/E题/problem1/work/mfa_alignment/-THoVjtIkeU__12.TextGrid,5aee509b9817f3778bc341b5d2d30cd7bb5a4a5b26b6358b138687d42fa741f0,/Users/wangyiming/Desktop/E题/problem1/work/openface/-THoVjtIkeU__12/12.csv,54c6ff77e7bfaa1cc9010cb392d0a04db8d452c4e5ef04be4c99ecd8981c3b0f,2e1283b14141449e34794fd03ac57113c035d73521ebd391558a94635f947370,39,39,False,mfa_forced_alignment,0.0,14.8055625,0.09046649999999978,445
12,14,-THoVjtIkeU$_$2,-THoVjtIkeU,2,/Users/wangyiming/Desktop/E题/E题数据/附件1-数据集原始多模态样本/MOSEI数据集部分原始视频-100条/-THoVjtIkeU/2.mp4,35a6c2464ffd68dd96411edb5dc2763f0efb59f264c1d8b737e616fa6b0d1d5b,/Users/wangyiming/Desktop/E题/problem1/work/mfa_corpus/-THoVjtIkeU__2.wav,b599693fb3fc20d2a3948f5249f5f3b5f9c3cc5ca7f1cdf94b08aa4d870a1aa8,/Users/wangyiming/Desktop/E题/problem1/work/mfa_corpus/-THoVjtIkeU__2.lab,915eff1b14cc7072dabd4461b9811dfa82131d291830a204be0662ddf442176f,/Users/wangyiming/Desktop/E题/problem1/work/mfa_alignment/-THoVjtIkeU__2.TextGrid,9c1c13c25797edf3f6d30772c6ac1acce347e95f22e6790c0c3925daef75fc1e,/Users/wangyiming/Desktop/E题/problem1/work/openface/-THoVjtIkeU__2/2.csv,9b07281e9157ed6a68ab108bb1673eb6afbfe64d668a1a3b74e49e6afe4a1b4f,24a6012c3b7f66d7f3baa8da5879f660a3186566b272acaf507a72057a41d388,10,10,False,mfa_forced_alignment,0.0,4.230875,0.06111699999999942,128
13,15,-THoVjtIkeU$_$6,-THoVjtIkeU,6,/Users/wangyiming/Desktop/E题/E题数据/附件1-数据集原始多模态样本/MOSEI数据集部分原始视频-100条/-THoVjtIkeU/6.mp4,efaa55ee6394032c867046690a92c29edfd825005f0a090cca5ccb763b227f64,/Users/wangyiming/Desktop/E题/problem1/work/mfa_corpus/-THoVjtIkeU__6.wav,5783c6c2ba9748e10a7921465522130bf9b7076b24bec43c867af67bf183628e,/Users/wangyiming/Desktop/E题/problem1/work/mfa_corpus/-THoVjtIkeU__6.lab,54c57ac6f4004d55644d1cf0f44216f02cdd09fb6c9fc8b6dfd7b316a9563cf5,/Users/wangyiming/Desktop/E题/problem1/work/mfa_alignment/-THoVjtIkeU__6.TextGrid,43cfb2610f73e8b41b95ef9fef18f6e9887b1c351900f2031cfa775811b3f11d,/Users/wangyiming/Desktop/E题/problem1/work/openface/-THoVjtIkeU__6/6.csv,19485dc9434493426531c250b21db978c373e8f76a4dc2bd2a995b4bf1a44656,17501e693a5fab5028b57dba0346ee145886685592f5a83bf2d75d38d404943a,30,30,False,mfa_forced_alignment,0.004149377811700106,7.982875,0.1141299999999994,241
14,16,-UuX1xuaiiE$_$1,-UuX1xuaiiE,1,/Users/wangyiming/Desktop/E题/E题数据/附件1-数据集原始多模态样本/MOSEI数据集部分原始视频-100条/-UuX1xuaiiE/1.mp4,d5bbda38fcec15817d2b87bab5dcc559d6d425f7d28a82e6c32d13f14b48650c,/Users/wangyiming/Desktop/E题/problem1/work/mfa_corpus/-UuX1xuaiiE__1.wav,4bfe086dbbc822c3913de677a646be546e74c34dba4a8d4a0e1262d593adedce,/Users/wangyiming/Desktop/E题/problem1/work/mfa_corpus/-UuX1xuaiiE__1.lab,56f5a2c54fa530034fde028c8c2bbbfb69ea8cecdc3e04e1c301ccbfafe34e72,/Users/wangyiming/Desktop/E题/problem1/work/mfa_alignment/-UuX1xuaiiE__1.TextGrid,0b53d8899324f5fbc955c9fc9b9a3034f60b1a2a199adaf77873e38efe6555d1,/Users/wangyiming/Desktop/E题/problem1/work/openface/-UuX1xuaiiE__1/1.csv,51a410b0288d485d6c4b47530f15da0dfcd10446eed42da175f7aab356261b11,051baca1f2977c1022fcd61d21fe7eaab1ab17317f8b3b0f0bb7e106d1f346b8,27,27,False,mfa_forced_alignment,0.0,10.2675,0.08249999999999957,309
15,17,-UuX1xuaiiE$_$0,-UuX1xuaiiE,0,/Users/wangyiming/Desktop/E题/E题数据/附件1-数据集原始多模态样本/MOSEI数据集部分原始视频-100条/-UuX1xuaiiE/0.mp4,f578b305d53bc152702f5e771de0fcd12d1e9aaefc5cefce3d2082a417aab7c8,/Users/wangyiming/Desktop/E题/problem1/work/mfa_corpus/-UuX1xuaiiE__0.wav,f4688431216eb1f85c34afc174bdec0de96ef3cf22c36c01f57406c5c1d4496a,/Users/wangyiming/Desktop/E题/problem1/work/mfa_corpus/-UuX1xuaiiE__0.lab,d5dc2d2697375cfd38c3b01bd94547f26f7a7485fb0be89ba09388ccf7b7cdbe,/Users/wangyiming/Desktop/E题/problem1/work/mfa_alignment/-UuX1xuaiiE__0.TextGrid,d8896eccd701196e1ea2b15a8dd39f2efac5e3e0f351107128615b2b70c06d18,/Users/wangyiming/Desktop/E题/problem1/work/openface/-UuX1xuaiiE__0/0.csv,78ac00f36f42ec57d7664209a6f51e3c61b1cc7f7d813bc947b357ab9728bf3b,c780392328d8d0b11e78e81401a36bcc6146d895f2ceece6d14ae2cdda23ec91,9,9,False,mfa_forced_alignment,0.0,3.575875,0.05745800000000001,109
16,18,-UuX1xuaiiE$_$3,-UuX1xuaiiE,3,/Users/wangyiming/Desktop/E题/E题数据/附件1-数据集原始多模态样本/MOSEI数据集部分原始视频-100条/-UuX1xuaiiE/3.mp4,eddb408f25bdc13e6de2fb74caeed709cb7a8f00640e7897135330437f66a2aa,/Users/wangyiming/Desktop/E题/problem1/work/mfa_corpus/-UuX1xuaiiE__3.wav,fc1280abc98e6efe761f17154fd3600e227562805869bc01eb0e30a408787c1e,/Users/wangyiming/Desktop/E题/problem1/work/mfa_corpus/-UuX1xuaiiE__3.lab,2f4ef4906c3862b45c9cb051f3234da47f7416d9b4e67f0a0be518714964411e,/Users/wangyiming/Desktop/E题/problem1/work/mfa_alignment/-UuX1xuaiiE__3.TextGrid,e5f4985e1f2af760102ef40dc8bafd16d6f815b3012b77ef389a66a152061f22,/Users/wangyiming/Desktop/E题/problem1/work/openface/-UuX1xuaiiE__3/3.csv,3c61900402754f98fd5ae0f6551743907689eb2af28554f81d321c3552989552,2af908d6ab3482e9f6f7f786ff076b3ca629b5d89624ae2fb4753cfd097084a0,9,9,False,mfa_forced_alignment,0.0,4.038375,0.09163799999999966,123
17,19,-UuX1xuaiiE$_$6,-UuX1xuaiiE,6,/Users/wangyiming/Desktop/E题/E题数据/附件1-数据集原始多模态样本/MOSEI数据集部分原始视频-100条/-UuX1xuaiiE/6.mp4,f0131ac00e44410fbd32c547a0d421c2791172434fc0203bb969abe14a530532,/Users/wangyiming/Desktop/E题/problem1/work/mfa_corpus/-UuX1xuaiiE__6.wav,cbc17512c48eff8e5804a7ccbfd4130ec32d377d6a87e98e36a84a6eb5ba42ad,/Users/wangyiming/Desktop/E题/problem1/work/mfa_corpus/-UuX1xuaiiE__6.lab,5ee285d0519bc59e7817d3fdad867cd813130019b02a114eca1cbe677b9cbf42,/Users/wangyiming/Desktop/E题/problem1/work/mfa_alignment/-UuX1xuaiiE__6.TextGrid,c780d7536b2561ccd9653c86f6d7e704a854415609f1a40b6839eb81eb4b02f2,/Users/wangyiming/Desktop/E题/problem1/work/openface/-UuX1xuaiiE__6/6.csv,4fd6220adcd147e2f2a22fb26611ddbfb0b75fe4d970b79503efdb2159fbad1a,266647a7721207f4c732dcef45ee33a1cacc408d0820dda19ed9642d8e4dab33,22,22,False,mfa_forced_alignment,0.0,7.9438125,0.17018449999999952,240
18,20,-a55Q6RWvTA$_$3,-a55Q6RWvTA,3,/Users/wangyiming/Desktop/E题/E题数据/附件1-数据集原始多模态样本/MOSEI数据集部分原始视频-100条/-a55Q6RWvTA/3.mp4,15d029fc15f50b268b98f1e8abc65e45582e638c13a018d7aa74a18373275946,/Users/wangyiming/Desktop/E题/problem1/work/mfa_corpus/-a55Q6RWvTA__3.wav,d0354a223b5702d17952856318297f0bea0400d0ff82096a23ee108c4d4f8940,/Users/wangyiming/Desktop/E题/problem1/work/mfa_corpus/-a55Q6RWvTA__3.lab,8d92fd9dce0845067ece06a18505340f0b25d35ea3ab89c3ddde04a690b00a9b,/Users/wangyiming/Desktop/E题/problem1/work/mfa_alignment/-a55Q6RWvTA__3.TextGrid,b1ea401b227a617c23c03c01a4b8950a277d9987b3b3ed71f8abb61b07abd6d6,/Users/wangyiming/Desktop/E题/problem1/work/openface/-a55Q6RWvTA__3/3.csv,f8a24b91d37e9f3933fcaa080d25055296101fdae22118fc5085639dbe51cf67,d9e8342edc2805890511a2f643210b12924ad2777778caab3c1948249b2a7853,65,50,True,mfa_forced_alignment,0.0,22.0833125,0.07065849999999685,664
19,21,-aNfi7CP8vM$_$7,-aNfi7CP8vM,7,/Users/wangyiming/Desktop/E题/E题数据/附件1-数据集原始多模态样本/MOSEI数据集部分原始视频-100条/-aNfi7CP8vM/7.mp4,0b6389f45bb966113c65a11998c6e7facdd24c8c42acf2e8cf32e0f2139402e1,/Users/wangyiming/Desktop/E题/problem1/work/mfa_corpus/-aNfi7CP8vM__7.wav,8c4a7a87cb4e04c1ae4de6dd6bbde980fa532a0e9f04e47b277f09ff3823e9d5,/Users/wangyiming/Desktop/E题/problem1/work/mfa_corpus/-aNfi7CP8vM__7.lab,b7d73b71ee852e0245d87a93a921163e7a8b1481c3eb7258fed9a55d4f7d9c6d,/Users/wangyiming/Desktop/E题/problem1/work/mfa_alignment/-aNfi7CP8vM__7.TextGrid,0988ec64da28709b1dfb2365445e269958312933cf6235490e022133f1679e73,/Users/wangyiming/Desktop/E题/problem1/work/openface/-aNfi7CP8vM__7/7.csv,f9a84fac0a41791bda59378a69311e2108d800ae1d4c71fa7cce7df1d80512af,8cdb7878206c4265d5bca21efcf46bcdee88fc2225d35c744b721e89d5f4bc3a,18,18,False,mfa_forced_alignment,0.0,8.5376875,0.15729949999999882,257
20,22,-aqamKhZ1Ec$_$0,-aqamKhZ1Ec,0,/Users/wangyiming/Desktop/E题/E题数据/附件1-数据集原始多模态样本/MOSEI数据集部分原始视频-100条/-aqamKhZ1Ec/0.mp4,6f6e674bbba4353399e9e7825217f37e6d8ca1adf9675f33cf37106f31c55548,/Users/wangyiming/Desktop/E题/problem1/work/mfa_corpus/-aqamKhZ1Ec__0.wav,8d7a82df5534c1d6b5f24c294ca9083c1d5d2dd58322f2afcceb3ccfed821ef8,/Users/wangyiming/Desktop/E题/problem1/work/mfa_corpus/-aqamKhZ1Ec__0.lab,6cd363b1a16362cd86c960419115c86108c9cc7a0578823ef525f68147e79bac,/Users/wangyiming/Desktop/E题/problem1/work/mfa_alignment/-aqamKhZ1Ec__0.TextGrid,48edabc6f48aa9b561a25e15eefb1dd164a3a1c264a48df1fdb463787ad9aed9,/Users/wangyiming/Desktop/E题/problem1/work/openface/-aqamKhZ1Ec__0/0.csv,1b1d943e6a6681ee0e7a60ebd71fcf654f9cb0bfed78cd92ae087ec79804b578,1bad14d4e19ed1950477b4d89b8344e7206071d395b31ae7eb2ae9d5f4165ad8,14,14,False,mfa_forced_alignment,0.0,10.8901875,0.07647949999999959,329
21,23,-dxfTGcXJoc$_$1,-dxfTGcXJoc,1,/Users/wangyiming/Desktop/E题/E题数据/附件1-数据集原始多模态样本/MOSEI数据集部分原始视频-100条/-dxfTGcXJoc/1.mp4,b5ffdc98a4a98b8f0aae55dee5fed66a43bcb129f47a250a004c1cc74e572595,/Users/wangyiming/Desktop/E题/problem1/work/mfa_corpus/-dxfTGcXJoc__1.wav,9d6603825322ae6449e65e3063107c5ebd3883807d13fa11c0f9c3ce301788d8,/Users/wangyiming/Desktop/E题/problem1/work/mfa_corpus/-dxfTGcXJoc__1.lab,a293fe469470be515a3bfb31c3858f868340310b567d51105955f1c8a5329d70,/Users/wangyiming/Desktop/E题/problem1/work/mfa_alignment/-dxfTGcXJoc__1.TextGrid,f0ebc7fef43f123e964d3fe13e0394f6bb8202a6f472d329cbac9c3a9492cf22,/Users/wangyiming/Desktop/E题/problem1/work/openface/-dxfTGcXJoc__1/1.csv,c98fe4defe8afc79ed6d372db4bfc55c6f0b33b167649b5aee145f7e869caa38,e62a969359ed73349b7755ee750ea84d21a843d75def27d99729fa9fb5e21292,36,36,False,mfa_forced_alignment,0.0,16.018125,0.14287799999999962,482
22,24,-dxfTGcXJoc$_$0,-dxfTGcXJoc,0,/Users/wangyiming/Desktop/E题/E题数据/附件1-数据集原始多模态样本/MOSEI数据集部分原始视频-100条/-dxfTGcXJoc/0.mp4,04bd0be907fb46c613f926fe1b06bc2c3b30881c293156510baa34a4105ade55,/Users/wangyiming/Desktop/E题/problem1/work/mfa_corpus/-dxfTGcXJoc__0.wav,682564307730d3490c97357fd52d63fc0e1ae6e33aacd7f409088bd1c14c312e,/Users/wangyiming/Desktop/E题/problem1/work/mfa_corpus/-dxfTGcXJoc__0.lab,dd1b357c854fe09b9b11daf4c409da9d0c68dc4dfe8f39ec33b678eff9c72eb2,/Users/wangyiming/Desktop/E题/problem1/work/mfa_alignment/-dxfTGcXJoc__0.TextGrid,f2f09583894ca7e424f3628b69dacf23bda78e86c98f7d68f6ad73ebcb968fcd,/Users/wangyiming/Desktop/E题/problem1/work/openface/-dxfTGcXJoc__0/0.csv,b8c6ccd95392989450087f6df900f440a81b3d61323a2bb7182bcd9138022f71,1dd47a81ad1a4a3d6d6eada51329950d51ce2ef5da4130557545bdb33a8688b8,42,42,False,mfa_forced_alignment,0.2341463416814804,20.410375,0.08962500000000162,615
23,25,-dxfTGcXJoc$_$2,-dxfTGcXJoc,2,/Users/wangyiming/Desktop/E题/E题数据/附件1-数据集原始多模态样本/MOSEI数据集部分原始视频-100条/-dxfTGcXJoc/2.mp4,46a5e523b5dd00364c99a3bcbc6fae4c80e1382a84b5b5e681c46eb074ed10f7,/Users/wangyiming/Desktop/E题/problem1/work/mfa_corpus/-dxfTGcXJoc__2.wav,2df9c059e706ec2d377aa25238ad92b4cf4c61c27bd3e028abd703e1bde903f7,/Users/wangyiming/Desktop/E题/problem1/work/mfa_corpus/-dxfTGcXJoc__2.lab,1708e30ea76a26313951d45b226534d33ea83096e578fd2b93e3d214189e498e,/Users/wangyiming/Desktop/E题/problem1/work/mfa_alignment/-dxfTGcXJoc__2.TextGrid,c2b789661c6fd5160c909360681fab0b591ff0e472d4891bbedd238ac3d2ed31,/Users/wangyiming/Desktop/E题/problem1/work/openface/-dxfTGcXJoc__2/2.csv,5fccd6c6c2c8870aa2dafb66bcc0fc31dbabf39a22d416298d238d7d05588e9f,1df6242e03fe92a384bc8a810c704bf59152d54d35e136bc09a7b39c9f6ebe62,35,35,False,mfa_forced_alignment,0.0,16.6331875,0.06479450000000142,500
24,26,-dxfTGcXJoc$_$6,-dxfTGcXJoc,6,/Users/wangyiming/Desktop/E题/E题数据/附件1-数据集原始多模态样本/MOSEI数据集部分原始视频-100条/-dxfTGcXJoc/6.mp4,55c1ff86729ab21da743a5107ed07b220e41b4193cd1c0ba9f009e65c3ab0513,/Users/wangyiming/Desktop/E题/problem1/work/mfa_corpus/-dxfTGcXJoc__6.wav,2a545a7d9fb90cb22d4ce1c865deec4ed9aca2ab1a462b651bbdfe5ed13d5b9b,/Users/wangyiming/Desktop/E题/problem1/work/mfa_corpus/-dxfTGcXJoc__6.lab,96dd96bd10375f17b3ea38846c7c1e86c3bde252bb4bc8a2d40e85d61b5917ca,/Users/wangyiming/Desktop/E题/problem1/work/mfa_alignment/-dxfTGcXJoc__6.TextGrid,a7282e28432616faf2df48e371c67fbc44adbadcb4ab880b2da0a083b1e75e3a,/Users/wangyiming/Desktop/E题/problem1/work/openface/-dxfTGcXJoc__6/6.csv,1e7c7df2e7f424e7f344d46ee2776c416c09e38718fb72f6a04c3fcf0b7456d2,571a81b1642726a93e45b197895931aaffcfc5a3f07b70f2f259a5068f734f09,28,28,False,mfa_forced_alignment,0.0,12.6284375,0.10658849999999909,381
25,27,-egA8-b7-3M$_$26,-egA8-b7-3M,26,/Users/wangyiming/Desktop/E题/E题数据/附件1-数据集原始多模态样本/MOSEI数据集部分原始视频-100条/-egA8-b7-3M/26.mp4,11f78aed680ea9c5862a15e04ff6c1f8776c46d29c98b68d28773ff39d959685,/Users/wangyiming/Desktop/E题/problem1/work/mfa_corpus/-egA8-b7-3M__26.wav,0b574e320c9b9af53bf8ab1f4d5f79892358c5a3d35dde9420b68c3edb6f12ea,/Users/wangyiming/Desktop/E题/problem1/work/mfa_corpus/-egA8-b7-3M__26.lab,d169aded767cf41434abca1034babd7eafe201afc94371aa9a7117cd336a1027,/Users/wangyiming/Desktop/E题/problem1/work/mfa_alignment/-egA8-b7-3M__26.TextGrid,5c18d8e7c5c96e43f3c7d0fd12ceec46e89629cf816944f6ce179172111cf363,/Users/wangyiming/Desktop/E题/problem1/work/openface/-egA8-b7-3M__26/26.csv,04368e9f56342d6d29a36d39696d5065cc8de2f0c36389062a3ce807f7286610,1bf433251b225d71ff89cb0a84ff6f02ba2e53d67b0ea814458f7a09daff2a6d,15,15,False,mfa_forced_alignment,0.0,5.9205625,0.11042750000000012,179
26,28,-egA8-b7-3M$_$17,-egA8-b7-3M,17,/Users/wangyiming/Desktop/E题/E题数据/附件1-数据集原始多模态样本/MOSEI数据集部分原始视频-100条/-egA8-b7-3M/17.mp4,f967e81e0edd51c3700671721afb3fbecbbc32652f27d2db40ea444e8d80c68f,/Users/wangyiming/Desktop/E题/problem1/work/mfa_corpus/-egA8-b7-3M__17.wav,3ae8f87c6a279c0e1318bd2876cff222b1f0ad6fb7befb42bd95d9b788a69dee,/Users/wangyiming/Desktop/E题/problem1/work/mfa_corpus/-egA8-b7-3M__17.lab,6090ed46e13d1932eb01a672f8babf951129383f10be49dbbc72d20532c715d5,/Users/wangyiming/Desktop/E题/problem1/work/mfa_alignment/-egA8-b7-3M__17.TextGrid,44e055c46796e4890fb581e85f57e9c1d1e3bce841ebfadde750fefaf688d7f1,/Users/wangyiming/Desktop/E题/problem1/work/openface/-egA8-b7-3M__17/17.csv,bc5fe69bab45d3dd2fb43a9895a98c28c29f07f6c389b273519bd4474b986256,fffe03caa3658c2ed5bf90a0b0b2da088a3a9d736735b1daada2681f925614b8,16,16,False,mfa_forced_alignment,0.0,7.09525,0.17577900000000035,215
27,29,-egA8-b7-3M$_$18,-egA8-b7-3M,18,/Users/wangyiming/Desktop/E题/E题数据/附件1-数据集原始多模态样本/MOSEI数据集部分原始视频-100条/-egA8-b7-3M/18.mp4,fd4bc95a6adfb16a9588b7ed65cc2812186ce3d607804dc76f4486312951ef90,/Users/wangyiming/Desktop/E题/problem1/work/mfa_corpus/-egA8-b7-3M__18.wav,6970786a72318d0a4bb4edffeefd009774c05f676475193e525928fac0075603,/Users/wangyiming/Desktop/E题/problem1/work/mfa_corpus/-egA8-b7-3M__18.lab,67a353990df9ec38785c6dc6abe146a1ac536ba1b89c4f0ed0409481d55ef712,/Users/wangyiming/Desktop/E题/problem1/work/mfa_alignment/-egA8-b7-3M__18.TextGrid,306ec1671638f47109cdcc7cb6ba6fe2d818bdbd59f77b9f86c00dd52f201521,/Users/wangyiming/Desktop/E题/problem1/work/openface/-egA8-b7-3M__18/18.csv,9d502668f283ec0a3a5b646ff46e8427fe1e14a64fece19d09bddb63e1551506,79644c96bab5be44cca2debd40c26b131b1b82afcc35c3f46c25263710a94316,22,22,False,mfa_forced_alignment,0.0,8.2656875,0.12031550000000024,250
28,30,-egA8-b7-3M$_$16,-egA8-b7-3M,16,/Users/wangyiming/Desktop/E题/E题数据/附件1-数据集原始多模态样本/MOSEI数据集部分原始视频-100条/-egA8-b7-3M/16.mp4,4c015f85e3bd901ecedde8c0c2ca4a756d9a77dfe4177625c481581f2037ff9c,/Users/wangyiming/Desktop/E题/problem1/work/mfa_corpus/-egA8-b7-3M__16.wav,debb05f785d6f3efe537470dbf2150740f7b161190f604c7382e13fb18e55e65,/Users/wangyiming/Desktop/E题/problem1/work/mfa_corpus/-egA8-b7-3M__16.lab,d0f4295a4d8a73ed86ae13f2efa2fe3b783fe6c6149c9c3cf098857033bcb29a,/Users/wangyiming/Desktop/E题/problem1/work/mfa_alignment/-egA8-b7-3M__16.TextGrid,f9b2f26fe0535ec1a946ad18aaa2ed55bb061a3296e70d6e71a596b59b926231,/Users/wangyiming/Desktop/E题/problem1/work/openface/-egA8-b7-3M__16/16.csv,cfa2777a5d55e205a1b69c7b0de52f86f2ff36ef7e08ff322f9b8d62c89e298c,652575f5c35f2204ec7a26abcb3b49c360b2f0b394942259f8a6d4a48822b330,11,11,False,mfa_forced_alignment,0.0,5.483,0.05502099999999999,166
29,31,-egA8-b7-3M$_$13,-egA8-b7-3M,13,/Users/wangyiming/Desktop/E题/E题数据/附件1-数据集原始多模态样本/MOSEI数据集部分原始视频-100条/-egA8-b7-3M/13.mp4,cbd627c225ebca37521ae238cb9ec254cad236822f4f37ebfbb039e6c56aea4c,/Users/wangyiming/Desktop/E题/problem1/work/mfa_corpus/-egA8-b7-3M__13.wav,d9434296ccb07f028bac0d6326052ff12093f5066d9655e1159a9d1a3cb464ce,/Users/wangyiming/Desktop/E题/problem1/work/mfa_corpus/-egA8-b7-3M__13.lab,38c009285e50afb4d1b9a7116de382d0ae830c4d69650dcf675ee2c0c51ac0a0,/Users/wangyiming/Desktop/E题/problem1/work/mfa_alignment/-egA8-b7-3M__13.TextGrid,333f00b647f49664c27cd0f4ab118ac5bddba6210946ebd8247783b7b867fd42,/Users/wangyiming/Desktop/E题/problem1/work/openface/-egA8-b7-3M__13/13.csv,cee8785d22d8e49abb27309c981e2a5e4528e2375e914836cd83a45af3c1c7c0,c8316a7106987dcbe662b38f8bdb157b28822c1ea15cf50cb63a9366df4318ee,11,11,False,mfa_forced_alignment,0.0,4.023875,0.1601089999999994,123
30,32,-egA8-b7-3M$_$1,-egA8-b7-3M,1,/Users/wangyiming/Desktop/E题/E题数据/附件1-数据集原始多模态样本/MOSEI数据集部分原始视频-100条/-egA8-b7-3M/1.mp4,589a7989b1b4888568c31614a2d6beefba88fb87289c85b94df2d8051500403b,/Users/wangyiming/Desktop/E题/problem1/work/mfa_corpus/-egA8-b7-3M__1.wav,5b4537bd9f5718b403b69a6412a3a67e1710ac00af3a7c8e7bab57c0f0102d76,/Users/wangyiming/Desktop/E题/problem1/work/mfa_corpus/-egA8-b7-3M__1.lab,e7427cf09feb4ec22e50d595878cbbaf4c8a6379573f5dcd2037af218797d29b,/Users/wangyiming/Desktop/E题/problem1/work/mfa_alignment/-egA8-b7-3M__1.TextGrid,97ba1382bac974ac9a45edbfdaa862c0c38692d69c430a8c1fb436fba64a7743,/Users/wangyiming/Desktop/E题/problem1/work/openface/-egA8-b7-3M__1/1.csv,b46957f229baedfbe4ef03147e88b4582f35bd7e8a9b13d5eede99f426dd3cc8,a82ac5a6b8923c88b861266b8152d3201e7683bde91625904eca0c768bd90d23,20,20,False,mfa_forced_alignment,0.0,10.15625,0.10976600000000047,306
31,33,-egA8-b7-3M$_$6,-egA8-b7-3M,6,/Users/wangyiming/Desktop/E题/E题数据/附件1-数据集原始多模态样本/MOSEI数据集部分原始视频-100条/-egA8-b7-3M/6.mp4,2e88a00d5e55863aa956b4b0949fc0e4f2975ccfd83b3194957f6fca86ecfce0,/Users/wangyiming/Desktop/E题/problem1/work/mfa_corpus/-egA8-b7-3M__6.wav,28d0adfc746250acb4065fc698d35309f010258a82584760dcc6fd6664e698f9,/Users/wangyiming/Desktop/E题/problem1/work/mfa_corpus/-egA8-b7-3M__6.lab,6b30dc3ccc56ecca6dc8578debd190c85aee5b5c49f0bca4c554a9f69b754baf,/Users/wangyiming/Desktop/E题/problem1/work/mfa_alignment/-egA8-b7-3M__6.TextGrid,e379ca2110770e3934ba8ed47aa2b4ad0435424bc1cb093aa98638ba64ca936f,/Users/wangyiming/Desktop/E题/problem1/work/openface/-egA8-b7-3M__6/6.csv,a6be200c19a931363ce6516d31dc90913bece9080806f1fd86fce351fe5d7bd2,916df021ee34c89e0c9f029916ff4d3bfbfacbe154159c9ab3963dc418f65f3a,12,12,False,mfa_forced_alignment,0.0,6.183125,0.08184899999999917,187
32,34,-egA8-b7-3M$_$9,-egA8-b7-3M,9,/Users/wangyiming/Desktop/E题/E题数据/附件1-数据集原始多模态样本/MOSEI数据集部分原始视频-100条/-egA8-b7-3M/9.mp4,bcd643f328616312eae9b28e6c9aabbe8acaec3e4c4be58daeb45e3eee4d973c,/Users/wangyiming/Desktop/E题/problem1/work/mfa_corpus/-egA8-b7-3M__9.wav,19bea87b0f68240fc12b14ac3c4471d280c304901c6192f8113771d81ac926c8,/Users/wangyiming/Desktop/E题/problem1/work/mfa_corpus/-egA8-b7-3M__9.lab,3b578d4fc31a3919574c4b2ba1ec7b566bf718bb08b47e25f1a20c7d3b5678e5,/Users/wangyiming/Desktop/E题/problem1/work/mfa_alignment/-egA8-b7-3M__9.TextGrid,3a4ea9901eb328cafb5e3678283e33c33a4f599aa1fe1501166c718d208a8b62,/Users/wangyiming/Desktop/E题/problem1/work/openface/-egA8-b7-3M__9/9.csv,9d42131fbaa469d85fb6c9f42d566e6820a47cff6841b90bd642ed17310e0078,550427fdd76537ffe09bb02ed511d364ee1420d0f1b445d7b31884800726a1bc,10,10,False,mfa_forced_alignment,0.0,4.936125,0.15384900000000012,150
33,35,-egA8-b7-3M$_$20,-egA8-b7-3M,20,/Users/wangyiming/Desktop/E题/E题数据/附件1-数据集原始多模态样本/MOSEI数据集部分原始视频-100条/-egA8-b7-3M/20.mp4,719ef133920e74b3ea33925d2bca0270b062199116867568f88ac83cadcd74e8,/Users/wangyiming/Desktop/E题/problem1/work/mfa_corpus/-egA8-b7-3M__20.wav,f0c30fa8f2eb2dc124b2ac7027785201a6636eb99caedd90d629548d23a4a23b,/Users/wangyiming/Desktop/E题/problem1/work/mfa_corpus/-egA8-b7-3M__20.lab,293c08a70bb53e44b634ed352b8bbb2dec9d90b61558cad0128a01776f478e60,/Users/wangyiming/Desktop/E题/problem1/work/mfa_alignment/-egA8-b7-3M__20.TextGrid,6ada8b366fad17ae902e98d68896fc764f1eb455927a6062d506fc8e81cb1a58,/Users/wangyiming/Desktop/E题/problem1/work/openface/-egA8-b7-3M__20/20.csv,e05d42f4970d5227bd13070093e040db8da146246b6f2f2bcf2eeaf24f7dfacc,5b4f7da88a22e5f3aee2f5843b658806be8e0c2427db28d0b1495a56b42b0a3b,20,20,False,mfa_forced_alignment,0.0,6.4744375,0.1705495000000008,196
34,36,-iRBcNs9oI8$_$3,-iRBcNs9oI8,3,/Users/wangyiming/Desktop/E题/E题数据/附件1-数据集原始多模态样本/MOSEI数据集部分原始视频-100条/-iRBcNs9oI8/3.mp4,39c547acd1a8da2ebc6c6ab008191a5676420398a974cd9611cad087f0ccec50,/Users/wangyiming/Desktop/E题/problem1/work/mfa_corpus/-iRBcNs9oI8__3.wav,629890e72b39f8a4599e78947cced041cdd7f71897651eeee74f76a8d724d1a1,/Users/wangyiming/Desktop/E题/problem1/work/mfa_corpus/-iRBcNs9oI8__3.lab,d3f9920372d3af958779f453719cc40fb39df887e1afcd9ad26ed5d28374afbd,/Users/wangyiming/Desktop/E题/problem1/work/mfa_alignment/-iRBcNs9oI8__3.TextGrid,811490099d3e79fb23eb3cb33850f3d58b7a44507e30e0f0d0efb932fa1d3a2c,/Users/wangyiming/Desktop/E题/problem1/work/openface/-iRBcNs9oI8__3/3.csv,ca62059baf9453b8b567878baab835db050a4b9e9cc3618a7550c8fe41ab4fa2,a5198d3440abbe132764da3137cc77c0e2464545bdc86fa9f374bfd98a50f875,8,8,False,mfa_forced_alignment,0.0,5.53825,0.08275000000000077,167
35,37,-iRBcNs9oI8$_$7,-iRBcNs9oI8,7,/Users/wangyiming/Desktop/E题/E题数据/附件1-数据集原始多模态样本/MOSEI数据集部分原始视频-100条/-iRBcNs9oI8/7.mp4,cc7b1c7a06ec41d72007b5c42fb8036f30b66d5cf76e3f093160c22fc5e38081,/Users/wangyiming/Desktop/E题/problem1/work/mfa_corpus/-iRBcNs9oI8__7.wav,fe06b268719e9206e1f0836f5586acadc610188c5ea145551240478a604c739c,/Users/wangyiming/Desktop/E题/problem1/work/mfa_corpus/-iRBcNs9oI8__7.lab,fa20ad4351f1fb1ed559e9277fa91157ba42c85f75d181a553dab962916030b1,/Users/wangyiming/Desktop/E题/problem1/work/mfa_alignment/-iRBcNs9oI8__7.TextGrid,c600376bbb0cf000e55cb958960b84436ac0b10fccdcc1831907d09ecdf406af,/Users/wangyiming/Desktop/E题/problem1/work/openface/-iRBcNs9oI8__7/7.csv,04543a95a38305cf90f2dd8067e4642e4d3f483dfe4bee875efcaaf711a2683a,6c6bc0f590a7bf0b347bab7f7c63529464ac2b3294036c21e0bbec1da8a66e19,9,9,False,mfa_forced_alignment,0.0,4.00575,0.09825000000000017,120
36,38,-iRBcNs9oI8$_$6,-iRBcNs9oI8,6,/Users/wangyiming/Desktop/E题/E题数据/附件1-数据集原始多模态样本/MOSEI数据集部分原始视频-100条/-iRBcNs9oI8/6.mp4,030b0b8d8d4ae47799432ab71b66fcc881f077c5b0feef892c1f146dc0a592e3,/Users/wangyiming/Desktop/E题/problem1/work/mfa_corpus/-iRBcNs9oI8__6.wav,8f5ef164df978de4d81ae1b4a8d031b5daeba9e074ca87f986c5d1afa5df3de0,/Users/wangyiming/Desktop/E题/problem1/work/mfa_corpus/-iRBcNs9oI8__6.lab,48a57bfdb2a71dcfff548cbcb9db0f61fff228c746553dc820e9913be0b3f1ee,/Users/wangyiming/Desktop/E题/problem1/work/mfa_alignment/-iRBcNs9oI8__6.TextGrid,2d7027c06449b21a1b8be4eb28d8dcd8deb7f8cb223d8ea6befd2e4b844cd753,/Users/wangyiming/Desktop/E题/problem1/work/openface/-iRBcNs9oI8__6/6.csv,de8e5aaceb2876fa5ee139978cc985f5ccb5a0123b88731c5daddbe671a810cc,1b4be378e0ad136fdde95a3806b91cf68e8ccc546ec7305cac7cd4268f81f8c4,5,5,False,mfa_forced_alignment,0.0,2.8204375,0.08256249999999987,85
37,39,-iRBcNs9oI8$_$9,-iRBcNs9oI8,9,/Users/wangyiming/Desktop/E题/E题数据/附件1-数据集原始多模态样本/MOSEI数据集部分原始视频-100条/-iRBcNs9oI8/9.mp4,352bdcc73d3622d6abac1b09f2039b211d15b9bf7acee66f0b07783c9b7a4c74,/Users/wangyiming/Desktop/E题/problem1/work/mfa_corpus/-iRBcNs9oI8__9.wav,9c7536f037fd49a9fa16da9baa7f6802e1273fdb4daea46de9c0553be6613be7,/Users/wangyiming/Desktop/E题/problem1/work/mfa_corpus/-iRBcNs9oI8__9.lab,57a803cd978e761cc1ad0303fd0f76d79e04c45d75996361ca628388e0d59e7d,/Users/wangyiming/Desktop/E题/problem1/work/mfa_alignment/-iRBcNs9oI8__9.TextGrid,30b91b8a05dd3fcbb417a67e37fe18a5fff5f5b40dbae07fec3b7cde2706f7ab,/Users/wangyiming/Desktop/E题/problem1/work/openface/-iRBcNs9oI8__9/9.csv,bb55d4f39b2805d3df3f3d8127d313342e2ac4325e5db8e6422ceff5b0eaa5a7,d75d4318359e7163dab01702675b3d3fe13762d1ee198a980ad52665e53195cf,5,5,False,mfa_forced_alignment,0.12745098769664764,3.3740625,0.04193749999999996,102
38,40,-iRBcNs9oI8$_$8,-iRBcNs9oI8,8,/Users/wangyiming/Desktop/E题/E题数据/附件1-数据集原始多模态样本/MOSEI数据集部分原始视频-100条/-iRBcNs9oI8/8.mp4,72a49e3da2862addcde033bd2fbae957d086533664ca4dcbccd3a851bcd50412,/Users/wangyiming/Desktop/E题/problem1/work/mfa_corpus/-iRBcNs9oI8__8.wav,617678b4616ec32a552abafa152de484fd80e739df6bc09618c6d94272b87e67,/Users/wangyiming/Desktop/E题/problem1/work/mfa_corpus/-iRBcNs9oI8__8.lab,bba1a8c972aeb810830435c5d13b4b656ef266cde707af40f5efe48bf3b6a188,/Users/wangyiming/Desktop/E题/problem1/work/mfa_alignment/-iRBcNs9oI8__8.TextGrid,dba3c9622975e5c662bd7ed2e6ebda3e696c8793d20ea5c02977adad7778d63c,/Users/wangyiming/Desktop/E题/problem1/work/openface/-iRBcNs9oI8__8/8.csv,3d06edc7d1a899d8aaefd8a9cc95095d39c109d7ed8779eda06217ce1b84db75,81d43aa4b78601ce9a647ae26b339db0359ee62901973082bb8a88f35e77cfca,21,21,False,mfa_forced_alignment,0.0,8.0260625,0.06693749999999987,241
39,41,-lzEya4AM_4$_$5,-lzEya4AM_4,5,/Users/wangyiming/Desktop/E题/E题数据/附件1-数据集原始多模态样本/MOSEI数据集部分原始视频-100条/-lzEya4AM_4/5.mp4,3b74de8d0e66fd754594f05985e5af3480adcc03555f79225d3b727cb4bed043,/Users/wangyiming/Desktop/E题/problem1/work/mfa_corpus/-lzEya4AM_4__5.wav,3ec1b8a31a2af6a3946b04844b70be3d84a2a4a15c3802316d2b4b2318250af3,/Users/wangyiming/Desktop/E题/problem1/work/mfa_corpus/-lzEya4AM_4__5.lab,0448cfed7ea5f7474f77b38ffac714614c3f8289be8163515788e5c6d890adef,/Users/wangyiming/Desktop/E题/problem1/work/mfa_alignment/-lzEya4AM_4__5.TextGrid,f642bce0ddd6adb6908c47f7cde9d7b7966b6f470de119753188ba8494862650,/Users/wangyiming/Desktop/E题/problem1/work/openface/-lzEya4AM_4__5/5.csv,ad6b3ac20b49312844a09f824fd6bbc656452c303c9a5d440d7adbfef4a92b9a,8c22e6e46e98690bd9572c106562aa5af433e805b57aa9d94feb119ddb460648,19,19,False,mfa_forced_alignment,0.0,7.5696875,0.10531250000000014,229
40,42,-lzEya4AM_4$_$6,-lzEya4AM_4,6,/Users/wangyiming/Desktop/E题/E题数据/附件1-数据集原始多模态样本/MOSEI数据集部分原始视频-100条/-lzEya4AM_4/6.mp4,ff5da5afb551001d58100ed2471caea51c741046d5396957efbf40082307ca18,/Users/wangyiming/Desktop/E题/problem1/work/mfa_corpus/-lzEya4AM_4__6.wav,9eb83d86f18641ebd98ca1ffcf3caf107f320cdb1fad37ee5c675de18d9fc2c9,/Users/wangyiming/Desktop/E题/problem1/work/mfa_corpus/-lzEya4AM_4__6.lab,2b811ffbf4a3d2b28a0dd1cea798cea416028526f783b7ee2c8b4f5e5afb1b14,/Users/wangyiming/Desktop/E题/problem1/work/mfa_alignment/-lzEya4AM_4__6.TextGrid,14bd7dea99f0acfaaf33e4444a01b089d90bb1eba701fdebc2f0ce6cdf5e8319,/Users/wangyiming/Desktop/E题/problem1/work/openface/-lzEya4AM_4__6/6.csv,1d11e263ea82d5f85cf6d73c5f3f7c100e56b4cab6eab48afdc33ce5cf39df22,d743a438b97886ab6528a129561bd49b7b7f06fe6721d72a892bc58841e4a2cb,43,43,False,mfa_forced_alignment,0.0,14.740375,0.051617000000000246,443
41,43,-mJ2ud6oKI8$_$1,-mJ2ud6oKI8,1,/Users/wangyiming/Desktop/E题/E题数据/附件1-数据集原始多模态样本/MOSEI数据集部分原始视频-100条/-mJ2ud6oKI8/1.mp4,c8e3acb4ca08679796c4c8cdfcd8c2b3cffc0465015efaffa1eccdb55ff4f45b,/Users/wangyiming/Desktop/E题/problem1/work/mfa_corpus/-mJ2ud6oKI8__1.wav,c7fd569d63503669fec80e1f4bc0a3e3684f4cedea6e47df737acb95a7a29d1c,/Users/wangyiming/Desktop/E题/problem1/work/mfa_corpus/-mJ2ud6oKI8__1.lab,2116c3f10a7179fc32b99cc8b64baba4d3eebe887393031c50a3d00028cd694c,/Users/wangyiming/Desktop/E题/problem1/work/mfa_alignment/-mJ2ud6oKI8__1.TextGrid,dbec9b02ef272e207ac4930da109fdd05c8ce2261e136b872c813a9c0fa2cced,/Users/wangyiming/Desktop/E题/problem1/work/openface/-mJ2ud6oKI8__1/1.csv,18ec0c9eec768e14f3cd3fc8e78bf65eab585199638757c2858a0a4620a1eefa,369ac49775ac1ba0143e0f9b086ef76209d5748ad72c29105bc0f4a7c63f5934,13,13,False,mfa_forced_alignment,1.0,6.0545,0.048499999999999766,182
42,44,-mJ2ud6oKI8$_$2,-mJ2ud6oKI8,2,/Users/wangyiming/Desktop/E题/E题数据/附件1-数据集原始多模态样本/MOSEI数据集部分原始视频-100条/-mJ2ud6oKI8/2.mp4,c41790f8b75f886bd1f5d6d72cbab1985306d0b715e5ae47203f3d0c8a3e7b28,/Users/wangyiming/Desktop/E题/problem1/work/mfa_corpus/-mJ2ud6oKI8__2.wav,fd78c411ed0f1ae90239b7390cecce4ec957b6f38b6d1a7405c1fdcb9705fe64,/Users/wangyiming/Desktop/E题/problem1/work/mfa_corpus/-mJ2ud6oKI8__2.lab,ee2e3fe327d6ac66753a62fbfb1237a9a23b6f9ca18673b982a07df443b91303,,,/Users/wangyiming/Desktop/E题/problem1/work/openface/-mJ2ud6oKI8__2/2.csv,3eaee5fcd681751804548eba35fee00f28b3a0bf5007fcc42e8c098ecc902be8,38c8f350ef5f1ecb2b27bccd75459f81c370e78cd228e695aa6da9bc99857a6b,11,11,False,uniform_text_timeline_fallback,0.4502924084663391,5.7016875,0.02931249999999963,171
43,45,-mJ2ud6oKI8$_$6,-mJ2ud6oKI8,6,/Users/wangyiming/Desktop/E题/E题数据/附件1-数据集原始多模态样本/MOSEI数据集部分原始视频-100条/-mJ2ud6oKI8/6.mp4,134a3a4ebbc423760133b0da0e90cfe84d75ea85df3968000afd84153c5d828d,/Users/wangyiming/Desktop/E题/problem1/work/mfa_corpus/-mJ2ud6oKI8__6.wav,ce9766321fb43d592c543e0219eb66260f1d25895ca0d472d1cc7a8c5d982ba1,/Users/wangyiming/Desktop/E题/problem1/work/mfa_corpus/-mJ2ud6oKI8__6.lab,6785f081a64e22432364f7b52ecbfdb21d5c15a7154d482eecb8e2db75919d18,/Users/wangyiming/Desktop/E题/problem1/work/mfa_alignment/-mJ2ud6oKI8__6.TextGrid,3cefcdf6570bdbc9deb916846755c9a9192a915367c7ac0ffae934284414b3a7,/Users/wangyiming/Desktop/E题/problem1/work/openface/-mJ2ud6oKI8__6/6.csv,1987ccf9a74e57c7b93a76c9e9e41602a5e274a6f7a17dfdf59f01af784ea07d,fc0b3a891b5ef2e82a6220f6729eafd46f3ee0c1a9172d1ff494ce25a7dfd326,5,5,False,mfa_forced_alignment,0.0,2.228125,0.028875000000000206,67
44,46,-mJ2ud6oKI8$_$9,-mJ2ud6oKI8,9,/Users/wangyiming/Desktop/E题/E题数据/附件1-数据集原始多模态样本/MOSEI数据集部分原始视频-100条/-mJ2ud6oKI8/9.mp4,df3442f3ed8f894b507923e87e426ae9636790a4a502d00c350a215270cc3e47,/Users/wangyiming/Desktop/E题/problem1/work/mfa_corpus/-mJ2ud6oKI8__9.wav,6b0fa68d2700cf50070e01056f6e004a91ab19b05474cf9528c8c89318f8994a,/Users/wangyiming/Desktop/E题/problem1/work/mfa_corpus/-mJ2ud6oKI8__9.lab,57b5b85a9fbfdfe6a0d6770cc062e07dfdb80434ca41aa383c175bf87e58032a,/Users/wangyiming/Desktop/E题/problem1/work/mfa_alignment/-mJ2ud6oKI8__9.TextGrid,e4d8be59b61e074d15a61f1096d49eb7e7c9416e13926aeb18c70683c6640d5e,/Users/wangyiming/Desktop/E题/problem1/work/openface/-mJ2ud6oKI8__9/9.csv,23a6d99b40ce4c011cb99b264814b9848f75829167b8bbdffa00cb2dea5868da,f5b3630f9f8bebd61fafd069524875d313cc24a80bb31338409445ae81cf5c21,22,22,False,mfa_forced_alignment,0.0,6.90875,0.12424999999999997,208
45,47,-mJ2ud6oKI8$_$8,-mJ2ud6oKI8,8,/Users/wangyiming/Desktop/E题/E题数据/附件1-数据集原始多模态样本/MOSEI数据集部分原始视频-100条/-mJ2ud6oKI8/8.mp4,6af6614c9838417a48c4817f4dd5bf1e6669eb5f78f983e9a68adc113fcdc7cc,/Users/wangyiming/Desktop/E题/problem1/work/mfa_corpus/-mJ2ud6oKI8__8.wav,0229c210c117c63dc7778271ac270883ea5477652f6e7fc50cb24a99fcb174ac,/Users/wangyiming/Desktop/E题/problem1/work/mfa_corpus/-mJ2ud6oKI8__8.lab,cfa3ab35de269a01787f39950525ea7239933d737c2817a49ab7e30bd27502d9,/Users/wangyiming/Desktop/E题/problem1/work/mfa_alignment/-mJ2ud6oKI8__8.TextGrid,ee88480f5ac7989ff76c3c9ea6711b5df4d11dfc46d7b8be156ef6ec779a5f6f,/Users/wangyiming/Desktop/E题/problem1/work/openface/-mJ2ud6oKI8__8/8.csv,7173efc33f85b3102b374222c25b585985fc7d1faf189a4e39929948ac437836,8aed8a72d7350e500b2c82cc11849fc1f701ca44c24b22ea3a4a044c20262327,11,11,False,mfa_forced_alignment,0.0,4.171375,0.020624999999999893,125
46,48,-mqbVkbCndg$_$0,-mqbVkbCndg,0,/Users/wangyiming/Desktop/E题/E题数据/附件1-数据集原始多模态样本/MOSEI数据集部分原始视频-100条/-mqbVkbCndg/0.mp4,cdeba953bba30907814acf72f3e35582dec263eaa25bdd922dad7fafe02e4dda,/Users/wangyiming/Desktop/E题/problem1/work/mfa_corpus/-mqbVkbCndg__0.wav,3515b8e887fd1077ae9e381f496c901cc2f6f881b157a083ba71ea8d9b290a4a,/Users/wangyiming/Desktop/E题/problem1/work/mfa_corpus/-mqbVkbCndg__0.lab,9c4fede5740ca423e4b00415117272ea8c3511da93d44d8976ddce63af391377,/Users/wangyiming/Desktop/E题/problem1/work/mfa_alignment/-mqbVkbCndg__0.TextGrid,057db1cc95061c9cf55f32f3e2f27a3e01285fe521659c1de0ca86f345d04989,/Users/wangyiming/Desktop/E题/problem1/work/openface/-mqbVkbCndg__0/0.csv,c1885de2df1c0d4256768bb27608e4d0958231cd10e87c0bd1cb2e34b9c43f84,03e97e2ef3a8ae4f66ef96c2fa49baa20bd0f24403d64d7af47ec1359ae8a8a6,14,14,False,mfa_forced_alignment,0.0,6.3855,0.08116699999999977,194
47,49,-t217m2on-s$_$2,-t217m2on-s,2,/Users/wangyiming/Desktop/E题/E题数据/附件1-数据集原始多模态样本/MOSEI数据集部分原始视频-100条/-t217m2on-s/2.mp4,6713a983112173204502dc5adbb886bc6c38554b4627698611931420c47663a8,/Users/wangyiming/Desktop/E题/problem1/work/mfa_corpus/-t217m2on-s__2.wav,3ab3238ca64fb14804619d69079d91e8cddc9c641403ce44acdeb5b4d80f9edf,/Users/wangyiming/Desktop/E题/problem1/work/mfa_corpus/-t217m2on-s__2.lab,09f83ea68252c62971cf619bcdc939e78f83d7b821cafe83e462a3d39a778f95,/Users/wangyiming/Desktop/E题/problem1/work/mfa_alignment/-t217m2on-s__2.TextGrid,dd628152ae6919d60741969223e7977fb11ecf4529165cbd553350c5c61fde78,/Users/wangyiming/Desktop/E题/problem1/work/openface/-t217m2on-s__2/2.csv,7bae42ce848d064ad58d161b38bb2a6dbf8ec0a5ac072ea72ac5537e2fa51288,318a1a3e95b65f973f3156f876150302f48defbc9a6986ad795caf7b7d9546f0,12,12,False,mfa_forced_alignment,0.0,5.6301875,0.05581550000000046,170
48,50,-t217m2on-s$_$7,-t217m2on-s,7,/Users/wangyiming/Desktop/E题/E题数据/附件1-数据集原始多模态样本/MOSEI数据集部分原始视频-100条/-t217m2on-s/7.mp4,41c76b8a733ecb780d56348f55d00f0ba0c07f44f46e93044e62d876710180b7,/Users/wangyiming/Desktop/E题/problem1/work/mfa_corpus/-t217m2on-s__7.wav,5d83af11a0962159c8af754617aa832b93ec8ca7e60589dda165aefbe41c4347,/Users/wangyiming/Desktop/E题/problem1/work/mfa_corpus/-t217m2on-s__7.lab,32a7a0579b8d76d9c168bc7b3d10e224bd6d5d954951cf7b5638fc4d3949d626,/Users/wangyiming/Desktop/E题/problem1/work/mfa_alignment/-t217m2on-s__7.TextGrid,390a0d4f8620685ced1c0a1620b1e06e49c96bb62d98231bf639574bddcda4e5,/Users/wangyiming/Desktop/E题/problem1/work/openface/-t217m2on-s__7/7.csv,2e52398372810037adbd6a8e3895511c65ee66ac0c467eac2b29d3953c047ff5,ab17ad8e5a2db7406d857d50a8d507a09291fe3cfb91b6240031e207f58688ef,45,45,False,mfa_forced_alignment,0.0,17.026375,0.15663299999999936,512
49,51,-tANM6ETl_M$_$3,-tANM6ETl_M,3,/Users/wangyiming/Desktop/E题/E题数据/附件1-数据集原始多模态样本/MOSEI数据集部分原始视频-100条/-tANM6ETl_M/3.mp4,6d3af064c060dad3816a9e1dfa00101faebd8b7da7d8ceea85b0bc0fca70abd6,/Users/wangyiming/Desktop/E题/problem1/work/mfa_corpus/-tANM6ETl_M__3.wav,849a37efd87d1bd7dc3767fc13569dbc4d30b8dbc16245ffab037c98e54fa52a,/Users/wangyiming/Desktop/E题/problem1/work/mfa_corpus/-tANM6ETl_M__3.lab,780bcfac2591f580a7b40de27ff4d0181e5b55e02552d7fafafa679db0f57aa8,/Users/wangyiming/Desktop/E题/problem1/work/mfa_alignment/-tANM6ETl_M__3.TextGrid,129c24b0d6e2ddc52b613f33cc529e4301f55b9411628b48e3a7abadc27dba0f,/Users/wangyiming/Desktop/E题/problem1/work/openface/-tANM6ETl_M__3/3.csv,16382465ebc99f2bc28763b46499cb3e33535e90ea706704cfb9b8a9fd3d7a98,e67ac2e953177b418605fa16901a956ba184029a3729bc5d4156e133d9411b75,22,22,False,mfa_forced_alignment,0.0,6.603625,0.15438300000000016,200
50,52,-tPCytz4rww$_$11,-tPCytz4rww,11,/Users/wangyiming/Desktop/E题/E题数据/附件1-数据集原始多模态样本/MOSEI数据集部分原始视频-100条/-tPCytz4rww/11.mp4,6dc09d02467baaef67594ff32cffb01f8ed1565cda4c5abd161b8261a51e2e5d,/Users/wangyiming/Desktop/E题/problem1/work/mfa_corpus/-tPCytz4rww__11.wav,49f3d582ed415d5b7efa944b2b1a61d1aea006abc7b1dc5fc768bd864b3138c9,/Users/wangyiming/Desktop/E题/problem1/work/mfa_corpus/-tPCytz4rww__11.lab,200705807b06507f5fbb83f457a87654ca166317dcfd23e244ae08954844547b,/Users/wangyiming/Desktop/E题/problem1/work/mfa_alignment/-tPCytz4rww__11.TextGrid,ee0ca0209a0d9e27ddbfa692d250ce09d828a7ad27047666b2a0eeb48cb1bcdc,/Users/wangyiming/Desktop/E题/problem1/work/openface/-tPCytz4rww__11/11.csv,1ba7238a12ab42150b34f9c7f7b78894a0216a88e123515e2c66d189db22b42e,5088df41a81d97fe5ddcba706820776b2a06100cd348aaf6e1ae6e2994853314,17,17,False,mfa_forced_alignment,0.0,5.3785625,0.08842950000000016,164
51,53,-tPCytz4rww$_$10,-tPCytz4rww,10,/Users/wangyiming/Desktop/E题/E题数据/附件1-数据集原始多模态样本/MOSEI数据集部分原始视频-100条/-tPCytz4rww/10.mp4,758183192cbd5f0f20823d26ece3ddee40dec0aadec35247b2495510a53f52f8,/Users/wangyiming/Desktop/E题/problem1/work/mfa_corpus/-tPCytz4rww__10.wav,00bfd97c1c8b32ffb9bc927ff3edda267b5ea4d3bc2eaa688c20927f8f9f8a05,/Users/wangyiming/Desktop/E题/problem1/work/mfa_corpus/-tPCytz4rww__10.lab,146ed8c0b7aa489d88c92c1933928cead7a5d7211e86cf68d6d7c14c39d89fe6,/Users/wangyiming/Desktop/E题/problem1/work/mfa_alignment/-tPCytz4rww__10.TextGrid,4d495f13d4bb48bc435047b468b9f5bc156720c8463c37ff119c46a132a9dadd,/Users/wangyiming/Desktop/E题/problem1/work/openface/-tPCytz4rww__10/10.csv,fc7697c06dc978092debf279468c42b0b5ed2612288778fb0df7f2eeaaed845a,d5ee1f95552aad4ca6f8b37f4234917c5153e81c300f0b7438d3f38cd3be9180,12,12,False,mfa_forced_alignment,0.0,4.6788125,0.11018449999999991,142
52,54,-tPCytz4rww$_$12,-tPCytz4rww,12,/Users/wangyiming/Desktop/E题/E题数据/附件1-数据集原始多模态样本/MOSEI数据集部分原始视频-100条/-tPCytz4rww/12.mp4,e3c7f9cd67ad2d20fef997696dc278361f97f027db58762e22104e5720d509d5,/Users/wangyiming/Desktop/E题/problem1/work/mfa_corpus/-tPCytz4rww__12.wav,1a4e51f906798f6bfd9a158bd763f1ddd812cbe2755a9f9c3a1b2a7411a06991,/Users/wangyiming/Desktop/E题/problem1/work/mfa_corpus/-tPCytz4rww__12.lab,515b248385992193e614e2cff5da9463e14cb13e12ef1fed64f16d2693c5c504,/Users/wangyiming/Desktop/E题/problem1/work/mfa_alignment/-tPCytz4rww__12.TextGrid,377ff19b1281caf95c726365bcebd6787e6fa394a44d56ce09b286a7c9849e6b,/Users/wangyiming/Desktop/E题/problem1/work/openface/-tPCytz4rww__12/12.csv,c4fe499521ab129db052954457c1c1a7fc7ae74ac8b7d437ad44da2b81726736,ca4d6ef64e055ea55478862ecff417bda8b856bc0cfe7f4b0581baa86567bf99,26,26,False,mfa_forced_alignment,0.0,11.7361875,0.1278094999999997,353
53,55,-tPCytz4rww$_$16,-tPCytz4rww,16,/Users/wangyiming/Desktop/E题/E题数据/附件1-数据集原始多模态样本/MOSEI数据集部分原始视频-100条/-tPCytz4rww/16.mp4,8b3f82f9628792eebaf8c227becc2ebeba59bb8abb668bcca86e07fb1a992a93,/Users/wangyiming/Desktop/E题/problem1/work/mfa_corpus/-tPCytz4rww__16.wav,4e40df19a84a52bb38af5b3133d3fc8f0f0f075d2769261d80f6829a7dd8f479,/Users/wangyiming/Desktop/E题/problem1/work/mfa_corpus/-tPCytz4rww__16.lab,fbb8328da3a0ee4ffe2ca5e7c876c574a4c36b69530444a7700686e9af0f94ef,/Users/wangyiming/Desktop/E题/problem1/work/mfa_alignment/-tPCytz4rww__16.TextGrid,9a992341e209e23e012fb5debad4a082b67c2d90b32b240dad864bb38bb88164,/Users/wangyiming/Desktop/E题/problem1/work/openface/-tPCytz4rww__16/16.csv,847a6a2339bc958bc94dcf88804ca6fb84c3d0424ecbccd0af3555b6d4d07160,563282a8d904fb0d992dbc5b6fab9b80a73dc21dddb003227dfd1b0ae66687eb,16,16,False,mfa_forced_alignment,0.0,7.1391875,0.06680249999999965,216
54,56,-tPCytz4rww$_$18,-tPCytz4rww,18,/Users/wangyiming/Desktop/E题/E题数据/附件1-数据集原始多模态样本/MOSEI数据集部分原始视频-100条/-tPCytz4rww/18.mp4,eece70451e9c37a4b5f375bf646f66e09113fe3467f35bf1720cc14d986c1776,/Users/wangyiming/Desktop/E题/problem1/work/mfa_corpus/-tPCytz4rww__18.wav,ec6e00ec32b23ed650c5040fcaa2f4aaa3320fbe51ba0bb4c25699f5c62e3486,/Users/wangyiming/Desktop/E题/problem1/work/mfa_corpus/-tPCytz4rww__18.lab,9e9f27b14cf0a4a85f3b9a8dab5011ed9e6ba9c27c7307eb448fa0d0d4ab0c4f,/Users/wangyiming/Desktop/E题/problem1/work/mfa_alignment/-tPCytz4rww__18.TextGrid,0118b02250b274a86eb6210ec139f841dda0eefa0fd80e3f317f67b310313bba,/Users/wangyiming/Desktop/E题/problem1/work/openface/-tPCytz4rww__18/18.csv,c3f0f60c74722c4dd20ea7ef7e45aa2dac340ba676ddc15b7cd91f39b13dfab4,4ad5fb8cf38858b1d1172e7be1ee54887c57e21e15c082e2c5809a9c63a3caf1,16,16,False,mfa_forced_alignment,0.0,6.5688125,0.07617450000000048,199
55,57,-vxjVxOeScU$_$4,-vxjVxOeScU,4,/Users/wangyiming/Desktop/E题/E题数据/附件1-数据集原始多模态样本/MOSEI数据集部分原始视频-100条/-vxjVxOeScU/4.mp4,00282df9a314394f19d616d561bd1916d1d30dca4c814dfb43630ca164f4c719,/Users/wangyiming/Desktop/E题/problem1/work/mfa_corpus/-vxjVxOeScU__4.wav,1b3a61f52a74576ce064d7d3ffe5cc837cf87d099c8a1999461f297f2b12af25,/Users/wangyiming/Desktop/E题/problem1/work/mfa_corpus/-vxjVxOeScU__4.lab,5d9e076be114eb8e54e07b5be84bff60cfffcdf060c311e54945fb46f0dd093e,/Users/wangyiming/Desktop/E题/problem1/work/mfa_alignment/-vxjVxOeScU__4.TextGrid,cdc0bd582e52ab288f36832609d4448496abd9c2b2d4f2cc43eed0379af4c90b,/Users/wangyiming/Desktop/E题/problem1/work/openface/-vxjVxOeScU__4/4.csv,62fc5c45b5302e1400bceb61ce058a02593078133af80b062b0ce343f8dd3551,175fe8fb07386ccce14bf9711f5aaf6fc2382b95b2b68f635c52be672f19251b,21,21,False,mfa_forced_alignment,0.0,9.0370625,0.0899555000000003,272
56,58,-wMB_hJL-3o$_$7,-wMB_hJL-3o,7,/Users/wangyiming/Desktop/E题/E题数据/附件1-数据集原始多模态样本/MOSEI数据集部分原始视频-100条/-wMB_hJL-3o/7.mp4,04a73d73fd150b07edab8e652fd14c9cb4a0f6e017ea97b17e8146e377b9fae7,/Users/wangyiming/Desktop/E题/problem1/work/mfa_corpus/-wMB_hJL-3o__7.wav,f866f7d4463fcd4492afefc8753b4316546b622b62c609407703bc6b35795cf7,/Users/wangyiming/Desktop/E题/problem1/work/mfa_corpus/-wMB_hJL-3o__7.lab,c4dfab618285319e34890492016e99c2e047674ab1246670944f74f964db88c1,/Users/wangyiming/Desktop/E题/problem1/work/mfa_alignment/-wMB_hJL-3o__7.TextGrid,583d926380c5e837ccebcc6858d95a39c5bd47f045b9aac039c411dec59f5738,/Users/wangyiming/Desktop/E题/problem1/work/openface/-wMB_hJL-3o__7/7.csv,750c73629b9540e83e2add39d4e7749483ae8296670a32aa093a2c0d50ec8b8d,657c53a322c88665d2a00612d6df9011932dd5136d9a9e83e1a6ab848e16d5cb,22,22,False,mfa_forced_alignment,0.005524862091988325,5.9755625,0.06844750000000044,181
57,59,-wny0OAz3g8$_$1,-wny0OAz3g8,1,/Users/wangyiming/Desktop/E题/E题数据/附件1-数据集原始多模态样本/MOSEI数据集部分原始视频-100条/-wny0OAz3g8/1.mp4,c5535859f129ce04da5f5b5104d02d4168057b9d947a5349d423278ad4f3d8e8,/Users/wangyiming/Desktop/E题/problem1/work/mfa_corpus/-wny0OAz3g8__1.wav,ce01cde6d4010c09172b5341d6799525e2167d33d2b6cc70a6dff49e36d088ef,/Users/wangyiming/Desktop/E题/problem1/work/mfa_corpus/-wny0OAz3g8__1.lab,85345a5e5b888e32f7bd09ee8067c912d7c0d5edf5afa5a01e11415c374f629f,/Users/wangyiming/Desktop/E题/problem1/work/mfa_alignment/-wny0OAz3g8__1.TextGrid,78c8126e97b14ab7e9fb8d15bbe924ddb8f58f6b27e53eb4f00b5122eb86a7fc,/Users/wangyiming/Desktop/E题/problem1/work/openface/-wny0OAz3g8__1/1.csv,4341601c3640655ab4ad9b3607a97268f9bf7ff0a15a5bfb513f4ca18ac9a956,72f8e688630db0440554a8a58d987fe4f2e3a8bafbbd0a54f81be3d28248f657,22,22,False,mfa_forced_alignment,0.0,6.7765625,0.0674475000000001,205
58,60,-wny0OAz3g8$_$0,-wny0OAz3g8,0,/Users/wangyiming/Desktop/E题/E题数据/附件1-数据集原始多模态样本/MOSEI数据集部分原始视频-100条/-wny0OAz3g8/0.mp4,1cc21b4432e2f4b592284ee40558a18acc7d208019117aebdb2f6a1b67ea198d,/Users/wangyiming/Desktop/E题/problem1/work/mfa_corpus/-wny0OAz3g8__0.wav,9260c65154168d6b38ca42f40def19663cbad02a18e055f71c17aa18aa2d0b6d,/Users/wangyiming/Desktop/E题/problem1/work/mfa_corpus/-wny0OAz3g8__0.lab,327da82986ba4134f7dff70b6f64693066e9d9f97a4baaec50f19b926db476c4,/Users/wangyiming/Desktop/E题/problem1/work/mfa_alignment/-wny0OAz3g8__0.TextGrid,e2d2fd23d20c2b5cc882ba3f3e0d2003514081c0077cfea4ce6e442adadcc0c1,/Users/wangyiming/Desktop/E题/problem1/work/openface/-wny0OAz3g8__0/0.csv,873f48d07d801f8aa205f79be7eab848d3186e8a93bd2bb5d914d190c3bc083e,4a8a3346a7d50a0485d83471d9c27d4f184317dfa217738fcc53b283bed3432a,9,9,False,mfa_forced_alignment,0.0,3.274,0.05933300000000008,100
59,61,-wny0OAz3g8$_$3,-wny0OAz3g8,3,/Users/wangyiming/Desktop/E题/E题数据/附件1-数据集原始多模态样本/MOSEI数据集部分原始视频-100条/-wny0OAz3g8/3.mp4,ea917c506bc9fa39460f2b722f7c416f646312bb17cd74baa618905b54837bce,/Users/wangyiming/Desktop/E题/problem1/work/mfa_corpus/-wny0OAz3g8__3.wav,bdf89558aa6f39460fc078d86b535a82f4453ab4990d7c69f94a28ae741943cf,/Users/wangyiming/Desktop/E题/problem1/work/mfa_corpus/-wny0OAz3g8__3.lab,edc080899a82529558032e5589f3a414207bf76535bbdf511a0d3c7f06b950d5,/Users/wangyiming/Desktop/E题/problem1/work/mfa_alignment/-wny0OAz3g8__3.TextGrid,91e691d48bd51ff04730f520a71407b09b2503eb25fb1ca1cc7d50a0a0fb7819,/Users/wangyiming/Desktop/E题/problem1/work/openface/-wny0OAz3g8__3/3.csv,614628311210d51570eefcf5a95e3ff722c306908d567d26d06d2701d3c83ac9,cca0edb193345ead226d42cb9566806663b3e69eda2b8219d29d64b5a3268df4,20,20,False,mfa_forced_alignment,0.0,6.099875,0.04615400000000047,184
60,62,-wny0OAz3g8$_$2,-wny0OAz3g8,2,/Users/wangyiming/Desktop/E题/E题数据/附件1-数据集原始多模态样本/MOSEI数据集部分原始视频-100条/-wny0OAz3g8/2.mp4,1825fb37db2e914fb616cd80aebd613afd873eecb7edd4d0b53158bfda0e522a,/Users/wangyiming/Desktop/E题/problem1/work/mfa_corpus/-wny0OAz3g8__2.wav,9540aa7a0ebaa1b22fb6d37a24a37cef40da7457acd4963f88d847cc678fd2c1,/Users/wangyiming/Desktop/E题/problem1/work/mfa_corpus/-wny0OAz3g8__2.lab,08b76d538916cff5204096cbae8f7d64a77741eeef4f270989f3086937a2c9cb,/Users/wangyiming/Desktop/E题/problem1/work/mfa_alignment/-wny0OAz3g8__2.TextGrid,74757aaea8a4118e56199f5ccd4f587daaa34dd8cea1abdfa27fdf45a358f568,/Users/wangyiming/Desktop/E题/problem1/work/openface/-wny0OAz3g8__2/2.csv,7161b784bfdbd22f48eacb447df9d63949c5e2808bbe46cc8d007c7e37789213,380c5a25f7f9abcd18a77f5ca506a8e1e6bca8bcb07473e277926e1367664a88,23,23,False,mfa_forced_alignment,0.0,6.5226875,0.16429150000000003,197
61,63,-wny0OAz3g8$_$5,-wny0OAz3g8,5,/Users/wangyiming/Desktop/E题/E题数据/附件1-数据集原始多模态样本/MOSEI数据集部分原始视频-100条/-wny0OAz3g8/5.mp4,6c6a8a4cba654b25190ab1793bfae81c3d2159ecd6cbc02d3fcbd598543acce0,/Users/wangyiming/Desktop/E题/problem1/work/mfa_corpus/-wny0OAz3g8__5.wav,f2745abc0859e24da8e985f19afa8a6a60e7aa87ead7fd7febad28af85335d8e,/Users/wangyiming/Desktop/E题/problem1/work/mfa_corpus/-wny0OAz3g8__5.lab,7d8e8f50be541b2410a9043a2ad516962b9c29fa9c4b6a7a1322b111d4b574e5,/Users/wangyiming/Desktop/E题/problem1/work/mfa_alignment/-wny0OAz3g8__5.TextGrid,71bd0537ccec8246e625c2c83ef3b0274dc29fdd325d8d376604d296d8fad58a,/Users/wangyiming/Desktop/E题/problem1/work/openface/-wny0OAz3g8__5/5.csv,344d0fc43b06c51d07b822e691ac809cdee035f202c6d8f07245637b1569d4f6,46ea4d9377d4db92f09e89919493e33970fbae5b5a4fd5c8f567163dd2d55a09,20,20,False,mfa_forced_alignment,0.0,6.7414375,0.17054149999999968,204
62,64,-wny0OAz3g8$_$7,-wny0OAz3g8,7,/Users/wangyiming/Desktop/E题/E题数据/附件1-数据集原始多模态样本/MOSEI数据集部分原始视频-100条/-wny0OAz3g8/7.mp4,cbf9cac1048ce191aef781d0c4563eb97f9f3ddd52eb1f9551fa78d31d70e7cd,/Users/wangyiming/Desktop/E题/problem1/work/mfa_corpus/-wny0OAz3g8__7.wav,b473a80444c63650482749051bebf0290fcc565d8f3c39b98f369ab72815b059,/Users/wangyiming/Desktop/E题/problem1/work/mfa_corpus/-wny0OAz3g8__7.lab,4e35823afdcb028c4fec002a6726b60d3abf19fea2fdf4d37ff8d7544a3bc3b2,/Users/wangyiming/Desktop/E题/problem1/work/mfa_alignment/-wny0OAz3g8__7.TextGrid,01d0bb59f80a7a64c39d885c959ba771ca8cb8955b3db5ae29f9b4a8b54f49d5,/Users/wangyiming/Desktop/E题/problem1/work/openface/-wny0OAz3g8__7/7.csv,6f44d047417e70d7989a450b9f7a94db5219b70bf14e569ccb8262889e7f2046,391517779752adcbb6c6f559011cbbf89472aea76394859c5341697490b2fff9,29,29,False,mfa_forced_alignment,0.0,7.9105,0.15746899999999986,240
63,65,-wny0OAz3g8$_$9,-wny0OAz3g8,9,/Users/wangyiming/Desktop/E题/E题数据/附件1-数据集原始多模态样本/MOSEI数据集部分原始视频-100条/-wny0OAz3g8/9.mp4,b76f70fe783ee76bf1b637137226c98e67d13a6b15ec725894175b36cd76a136,/Users/wangyiming/Desktop/E题/problem1/work/mfa_corpus/-wny0OAz3g8__9.wav,7abef15a04b325a69427ecfb33f07110eb51aa10f5f3d410c4c4e28ddcc0f4ee,/Users/wangyiming/Desktop/E题/problem1/work/mfa_corpus/-wny0OAz3g8__9.lab,845add236697942f7850114a27f88701d889bca527a684327ab25a7b194d4aad,/Users/wangyiming/Desktop/E题/problem1/work/mfa_alignment/-wny0OAz3g8__9.TextGrid,e164ab729cc358804f26ae04793e1670ed2a6a43989cdd340474d40363f382dc,/Users/wangyiming/Desktop/E题/problem1/work/openface/-wny0OAz3g8__9/9.csv,413daee837e76fb3c4c1a7e2ef87bc5cc4fbcc6f0a9e282c1a997129824546ba,8d94557b927a90849985cd4d4595f45cfd1863a296daa0544870cf8de107384b,20,20,False,mfa_forced_alignment,0.0,6.0435,0.16952100000000048,183
64,66,-571d8cVauQ$_$0,-571d8cVauQ,0,/Users/wangyiming/Desktop/E题/E题数据/附件1-数据集原始多模态样本/MOSEI数据集部分原始视频-100条/-571d8cVauQ/0.mp4,defc62e1530d9b0cd27f2acfe042b71dd84d7e8c85f1df261f04912091976088,/Users/wangyiming/Desktop/E题/problem1/work/mfa_corpus/-571d8cVauQ__0.wav,fd2e437e154c87def29fc7516fc3b8e5013535687d1d8e7d146248e1fb4f7783,/Users/wangyiming/Desktop/E题/problem1/work/mfa_corpus/-571d8cVauQ__0.lab,8fd42533049d6eb24f87c2e7245758bf80fcdc970191951ff51fa7ea0d33aa23,/Users/wangyiming/Desktop/E题/problem1/work/mfa_alignment/-571d8cVauQ__0.TextGrid,7d69bc24c59528eebc6d9281d8a2689fce53fca9bf98741178cfdde1d6dc300b,/Users/wangyiming/Desktop/E题/problem1/work/openface/-571d8cVauQ__0/0.csv,0ed34e74a6c051394b9a0f2176916f787f90d644f5f51c64965747c568791f1b,2557664290b4e4ec6447b366cfd22db60b8454a30a577a0390271b2d2e004bb5,12,12,False,mfa_forced_alignment,0.07894736528396606,4.9923125,0.0743545000000001,152
65,67,-571d8cVauQ$_$5,-571d8cVauQ,5,/Users/wangyiming/Desktop/E题/E题数据/附件1-数据集原始多模态样本/MOSEI数据集部分原始视频-100条/-571d8cVauQ/5.mp4,e304c03fac1f477823fe0926c4fb421b9c4e4091f85718b729afe856c24a7d3e,/Users/wangyiming/Desktop/E题/problem1/work/mfa_corpus/-571d8cVauQ__5.wav,7659724a565737c69b3e4f5723837cc2970d9ab8fdee7d7ac78d20debf06e5c9,/Users/wangyiming/Desktop/E题/problem1/work/mfa_corpus/-571d8cVauQ__5.lab,ed2095e8a0b1106695f517db2108e3d94e94b43f82b3982cb3f54d1494d22ded,/Users/wangyiming/Desktop/E题/problem1/work/mfa_alignment/-571d8cVauQ__5.TextGrid,a8a98347fe6b975672b121d75bd2561f021fcdc2c10a7d361c8f2cefe7658415,/Users/wangyiming/Desktop/E题/problem1/work/openface/-571d8cVauQ__5/5.csv,ef15b5e9a46e154ca1e48cfc46e9e6c00a72a884330d23de23e7e1d0abe7f3d6,19b71fa8096126c1ae068d7b49cb71161974741e8bc66b1ce1c57dcf3c0b1aa0,43,43,False,mfa_forced_alignment,0.0,15.11525,0.1577320000000011,455
66,68,-I_e4mIh0yE$_$1,-I_e4mIh0yE,1,/Users/wangyiming/Desktop/E题/E题数据/附件1-数据集原始多模态样本/MOSEI数据集部分原始视频-100条/-I_e4mIh0yE/1.mp4,8453a966d4bd1f0179eb86a35cd34c0864a3a3bc2fa86f37783060cc0d14f5df,/Users/wangyiming/Desktop/E题/problem1/work/mfa_corpus/-I_e4mIh0yE__1.wav,d67ff6815b93616f92938836bbb53f6813d21f33104708fbc6e1c67b7f3b925a,/Users/wangyiming/Desktop/E题/problem1/work/mfa_corpus/-I_e4mIh0yE__1.lab,689994967013e19ac922b1583f62d009f1f6548643351699990848f370aa250e,/Users/wangyiming/Desktop/E题/problem1/work/mfa_alignment/-I_e4mIh0yE__1.TextGrid,d8a2e9f2188b510a249c1140a4bdfcac9ab500a453619eb528ccacc230fdbc58,/Users/wangyiming/Desktop/E题/problem1/work/openface/-I_e4mIh0yE__1/1.csv,2d438d37321a3b1aa6f78f14df4bc04fefcfd26f0075fb9b5ffee4272133387a,3eec63d020d753b31853adf6d736e78b71519e8b088443b770c5d0d51efa70cd,18,18,False,mfa_forced_alignment,0.0,7.4443125,0.17769250000000003,225
67,69,-I_e4mIh0yE$_$3,-I_e4mIh0yE,3,/Users/wangyiming/Desktop/E题/E题数据/附件1-数据集原始多模态样本/MOSEI数据集部分原始视频-100条/-I_e4mIh0yE/3.mp4,a015f02ae51d74c42ad27e2a0831263a303f0658ac8d984819e27ad61342b23e,/Users/wangyiming/Desktop/E题/problem1/work/mfa_corpus/-I_e4mIh0yE__3.wav,3d7a19d4b701ba7bd50298f3b095fac1b8ecb06ac72041e69e08cd61a4d9d34d,/Users/wangyiming/Desktop/E题/problem1/work/mfa_corpus/-I_e4mIh0yE__3.lab,e63b97d2285a119b34faca2f0fd96c5d0a82a4ab7e39b9c208dc55d198facaf8,/Users/wangyiming/Desktop/E题/problem1/work/mfa_alignment/-I_e4mIh0yE__3.TextGrid,0a4131ead94c0f8327a9df156235f8fe7878a8693e5cf06dcb79808da38c95f1,/Users/wangyiming/Desktop/E题/problem1/work/openface/-I_e4mIh0yE__3/3.csv,27ab887dd3955918154a808d4127fc538c695eac6f70aa7c2ef511afdfe2590e,87e104e5849b21423588ebbc907d95165307c10e44374be30e16e9743447a78e,22,22,False,mfa_forced_alignment,0.0,8.994375,0.16864600000000074,271
68,70,-UacrmKiTn4$_$10,-UacrmKiTn4,10,/Users/wangyiming/Desktop/E题/E题数据/附件1-数据集原始多模态样本/MOSEI数据集部分原始视频-100条/-UacrmKiTn4/10.mp4,00312e0602dbeac970de5d7dd0e8a970e514fe45d7fe6625b4f454b299e36360,/Users/wangyiming/Desktop/E题/problem1/work/mfa_corpus/-UacrmKiTn4__10.wav,7598ef767a5e4c69d820a5a137dcedb177d2155f930085d32171271565ac76be,/Users/wangyiming/Desktop/E题/problem1/work/mfa_corpus/-UacrmKiTn4__10.lab,eae6527b0271027e4134c54c49c19cd305e1348a30edf67eb59ff42fac52d14a,/Users/wangyiming/Desktop/E题/problem1/work/mfa_alignment/-UacrmKiTn4__10.TextGrid,6c7c04cbf2e02dc69450dee896f85dbfca2cd59ab9149d9be98c1320df8a780e,/Users/wangyiming/Desktop/E题/problem1/work/openface/-UacrmKiTn4__10/10.csv,8b9755a0e461df6a5ef0f5d457917f3c8ff74de746ce37ad7d078f6f2291b6f6,6f86a8e7c3dbbbb3af0654562782a8abd76d14deb9060523e579a4db7714818b,18,18,False,mfa_forced_alignment,0.0,7.2420625,0.11991649999999954,218
69,71,-UacrmKiTn4$_$4,-UacrmKiTn4,4,/Users/wangyiming/Desktop/E题/E题数据/附件1-数据集原始多模态样本/MOSEI数据集部分原始视频-100条/-UacrmKiTn4/4.mp4,a7f2ab0d6ee2e2a2d5cd4239f03e6cac67c618ddb744891323df3ff87e29af84,/Users/wangyiming/Desktop/E题/problem1/work/mfa_corpus/-UacrmKiTn4__4.wav,2cadcda1b2f45a9242f48eac141725c4e3656a88f5acfbe2451dd87437ec4fdd,/Users/wangyiming/Desktop/E题/problem1/work/mfa_corpus/-UacrmKiTn4__4.lab,796c74f0043d3bb049c0d49cf746620309697a21ccb739476eb0558ff502e11f,/Users/wangyiming/Desktop/E题/problem1/work/mfa_alignment/-UacrmKiTn4__4.TextGrid,93a020d37cb1196a30e1e0e1df3ee1a0306753893b2aa772c8bd4c8a7264f653,/Users/wangyiming/Desktop/E题/problem1/work/openface/-UacrmKiTn4__4/4.csv,2ba57edacacb5474284d5127ce8d8cf628530c24d23aa9b5d6003873dfab6c0a,db8538dc9ac4341e3d25ab9c097f0a09f217d9e7177846193f3058ce4cb8f2b2,14,14,False,mfa_forced_alignment,0.0,4.6819375,0.059078500000000034,142
70,72,-hnBHBN8p5A$_$7,-hnBHBN8p5A,7,/Users/wangyiming/Desktop/E题/E题数据/附件1-数据集原始多模态样本/MOSEI数据集部分原始视频-100条/-hnBHBN8p5A/7.mp4,0ec6fb76226315d3fafbb483e3500e60cc8a6729617b10e4b4b76163595080fb,/Users/wangyiming/Desktop/E题/problem1/work/mfa_corpus/-hnBHBN8p5A__7.wav,19dc66926d5526dfff75cf5a4c7ee337af7201e41ac92d600960a817e3373991,/Users/wangyiming/Desktop/E题/problem1/work/mfa_corpus/-hnBHBN8p5A__7.lab,1eddf432983ba124bdfe78f054ad4159bcc435b9c761b361ffacf73e0d40389b,/Users/wangyiming/Desktop/E题/problem1/work/mfa_alignment/-hnBHBN8p5A__7.TextGrid,7cd34c7e1d8cb30fe684995194db3951bf1bee8102441ca5e8deeb7d0f2483ec,/Users/wangyiming/Desktop/E题/problem1/work/openface/-hnBHBN8p5A__7/7.csv,5c85c48a04cbdedba60acee7a85b6e69e161e7c876aac9cbb165dc543f834d99,f9f6e9dd2d62d309ba1352284b100bdbd346c537da7d1577a8cffc0027bec817,13,13,False,mfa_forced_alignment,0.04545454680919647,7.3085625,0.06343750000000004,176
71,73,-hnBHBN8p5A$_$6,-hnBHBN8p5A,6,/Users/wangyiming/Desktop/E题/E题数据/附件1-数据集原始多模态样本/MOSEI数据集部分原始视频-100条/-hnBHBN8p5A/6.mp4,997f6808ac3973ddd71800e91c8e10755c10b5037186d84348a79e00d672fdc7,/Users/wangyiming/Desktop/E题/problem1/work/mfa_corpus/-hnBHBN8p5A__6.wav,3dce1e55bd1843b9e19f1271020f957cdafe6e036f7fde441a628ed9a14e48fd,/Users/wangyiming/Desktop/E题/problem1/work/mfa_corpus/-hnBHBN8p5A__6.lab,a5c445819825404b159c5ef126a793c6b5ae9ac9f8a7125168cd2646439edf39,/Users/wangyiming/Desktop/E题/problem1/work/mfa_alignment/-hnBHBN8p5A__6.TextGrid,d3a07a3465783479a6236e05d4877e2608aaae167828f27060e9fcdfa2333b7c,/Users/wangyiming/Desktop/E题/problem1/work/openface/-hnBHBN8p5A__6/6.csv,693586b92eb65d05847f8d21f2dfa9f0b4663f49dcda3c5c55521ecedd036706,537b97f42a75476a2c6926a97dd3382ee1038e8de8370a5acfb62b72036e8837,13,13,False,mfa_forced_alignment,0.18300653994083405,6.3328125,0.06818749999999962,153
72,74,-qDkUB0GgYY$_$6,-qDkUB0GgYY,6,/Users/wangyiming/Desktop/E题/E题数据/附件1-数据集原始多模态样本/MOSEI数据集部分原始视频-100条/-qDkUB0GgYY/6.mp4,ab19bf4a761d3919b7113b1104ccaadbbf0c4e7b45694904d094280a2c329c8b,/Users/wangyiming/Desktop/E题/problem1/work/mfa_corpus/-qDkUB0GgYY__6.wav,c13c2322db1413d00f6d3b4f7e790973dae76fb8a874554fb6fe21be7aac7495,/Users/wangyiming/Desktop/E题/problem1/work/mfa_corpus/-qDkUB0GgYY__6.lab,c47f94bf3f39959176d344ed00af36ca2759b0974168c56e7932c424b06ff359,/Users/wangyiming/Desktop/E题/problem1/work/mfa_alignment/-qDkUB0GgYY__6.TextGrid,d2be0c5fae9a803108ee3d3a328c16bebe11b066547b98d46145b0e809567d6f,/Users/wangyiming/Desktop/E题/problem1/work/openface/-qDkUB0GgYY__6/6.csv,fed9b9d60160f788b3293c8d7d07b0efd4a7f24630bf216231a77447d25321dc,972e580215d4749557952f888b9ac7e3c2a4cd1c51547da829fadc61898854da,16,16,False,mfa_forced_alignment,0.0,4.6146875,0.06330750000000052,140
73,75,-uywlfIYOS8$_$4,-uywlfIYOS8,4,/Users/wangyiming/Desktop/E题/E题数据/附件1-数据集原始多模态样本/MOSEI数据集部分原始视频-100条/-uywlfIYOS8/4.mp4,fde46f5222cf5cfec7af9c93214c972ce2d686b0bf9c90a291021601968986f9,/Users/wangyiming/Desktop/E题/problem1/work/mfa_corpus/-uywlfIYOS8__4.wav,9e75db2329dfb7a98e1d23b92fa8421b4069090172fd63d952268a25bcfc104b,/Users/wangyiming/Desktop/E题/problem1/work/mfa_corpus/-uywlfIYOS8__4.lab,b2448091cbad41cde5137c4a6aa4ded0b3e771e9b1a33e5585c019e4be956430,/Users/wangyiming/Desktop/E题/problem1/work/mfa_alignment/-uywlfIYOS8__4.TextGrid,e6fcd8c3105dd843c37c5e80c935c9304007585a707398cdbcb528f023f6f3db,/Users/wangyiming/Desktop/E题/problem1/work/openface/-uywlfIYOS8__4/4.csv,65edffceeb7c9311887f4c9138ca30b985a14df414ce0087baace73216fadac0,23e74ca376c9e3d7002f039ef4de2c193738541502c3ab673b6e5cc34d91e1a8,18,18,False,mfa_forced_alignment,0.0,5.881125,0.16386199999999995,179
74,76,-6rXp3zJ3kc$_$8,-6rXp3zJ3kc,8,/Users/wangyiming/Desktop/E题/E题数据/附件1-数据集原始多模态样本/MOSEI数据集部分原始视频-100条/-6rXp3zJ3kc/8.mp4,59b77a0f873b7fa95e7327b93d64bb5a4bdae84039321988ef70bba8e63ee1ae,/Users/wangyiming/Desktop/E题/problem1/work/mfa_corpus/-6rXp3zJ3kc__8.wav,9e2535ea4f4e4f25004d30a7dd452ecdaa30303025104ee67de91e21cd10424b,/Users/wangyiming/Desktop/E题/problem1/work/mfa_corpus/-6rXp3zJ3kc__8.lab,26a01e3905d45cd7c63a003aed0997ed1432dce18ec0bb96b65fd79de044c0a3,/Users/wangyiming/Desktop/E题/problem1/work/mfa_alignment/-6rXp3zJ3kc__8.TextGrid,ba9d0046c200451680baf195acdc993ffc50d369c4b7b09d2a52b822c47ab81d,/Users/wangyiming/Desktop/E题/problem1/work/openface/-6rXp3zJ3kc__8/8.csv,5d2fa0cc0f33252326b2bb7c9c9262ed51262b9be4f5231451ffb672d4f9f233,379e0d9609e2abd7478b19406c39e2c1213a10afc699b2747d3ef0d78e222cbe,34,34,False,mfa_forced_alignment,0.0,12.738,0.0670130000000011,384
75,77,-9y-fZ3swSY$_$0,-9y-fZ3swSY,0,/Users/wangyiming/Desktop/E题/E题数据/附件1-数据集原始多模态样本/MOSEI数据集部分原始视频-100条/-9y-fZ3swSY/0.mp4,29a1fd181293cdbe24e50edcad51e3cc0f27a5824d840bcc39d453b272fb6e3c,/Users/wangyiming/Desktop/E题/problem1/work/mfa_corpus/-9y-fZ3swSY__0.wav,588286c95904e4e679cd2d9cc3a455574733f0b2f148b788772b364216407c5b,/Users/wangyiming/Desktop/E题/problem1/work/mfa_corpus/-9y-fZ3swSY__0.lab,f0fb8121308f49793a135cd2d55b169159af6df8c1de3950b393c9f37cb87098,/Users/wangyiming/Desktop/E题/problem1/work/mfa_alignment/-9y-fZ3swSY__0.TextGrid,392972046d02f614c58c0a0219f0506fafd1425d3a3c0ab4f4171492c3b6d8a9,/Users/wangyiming/Desktop/E题/problem1/work/openface/-9y-fZ3swSY__0/0.csv,a6e7183bd947b68d87e8fae898d38e5cb58aafdade0da30c15c6d07c21e608b6,8955efef5b9214c13bef0fe74539fbf336ddb0960a393fa42690ec5fdf89bfde,22,22,False,mfa_forced_alignment,0.0,6.757,0.07633299999999998,205
76,78,-9y-fZ3swSY$_$4,-9y-fZ3swSY,4,/Users/wangyiming/Desktop/E题/E题数据/附件1-数据集原始多模态样本/MOSEI数据集部分原始视频-100条/-9y-fZ3swSY/4.mp4,fe04a26710e85c58bdaad5a48618c7e0f742d82b0d920eb4a046c8f14a6921dc,/Users/wangyiming/Desktop/E题/problem1/work/mfa_corpus/-9y-fZ3swSY__4.wav,425523abbc2651274c173b88ee5e2fa013ae4ff373ef363018e7e8a62ef65251,/Users/wangyiming/Desktop/E题/problem1/work/mfa_corpus/-9y-fZ3swSY__4.lab,076c6939f997a9d7ddf6e06b535b052923370942e73cac957d715af796774836,/Users/wangyiming/Desktop/E题/problem1/work/mfa_alignment/-9y-fZ3swSY__4.TextGrid,9e1aae29bacb658443fe52cb32f1eed22ca97d3775febdf07aca8935d561a80b,/Users/wangyiming/Desktop/E题/problem1/work/openface/-9y-fZ3swSY__4/4.csv,69f3f1e5daa0a8b8a5999886f16ec9d8a0af0251b590cac72e1b52de92833242,d470a1cad6ecb61b7ddd6a0a9fa1dc1a5aa597d32874ddbfe065181117385d72,9,9,False,mfa_forced_alignment,0.0,2.6648125,0.15621649999999976,81
77,79,-9y-fZ3swSY$_$8,-9y-fZ3swSY,8,/Users/wangyiming/Desktop/E题/E题数据/附件1-数据集原始多模态样本/MOSEI数据集部分原始视频-100条/-9y-fZ3swSY/8.mp4,6140d031e614b62a5d8df73346fef2417c28cee3501310aa95aa40d358b4b256,/Users/wangyiming/Desktop/E题/problem1/work/mfa_corpus/-9y-fZ3swSY__8.wav,fce24183b671e422d83d0b67bb777cec5755059c0f2b5ee8af1b90e61c7d39d1,/Users/wangyiming/Desktop/E题/problem1/work/mfa_corpus/-9y-fZ3swSY__8.lab,7c53787f973a437bf287b0bface2c61ade641f931e90cb538c4946db0708a196,/Users/wangyiming/Desktop/E题/problem1/work/mfa_alignment/-9y-fZ3swSY__8.TextGrid,17b17c78386619bee7891755102d493b6ead8139445a9fe6a4923b498a39a481,/Users/wangyiming/Desktop/E题/problem1/work/openface/-9y-fZ3swSY__8/8.csv,5bc693e17469c3d48398256bb62acd02ab97d7e739a98bc378df75e3959c1ca7,7743db11a5c275d776c447f4346600a4e92a4349eecbf1b3b9a90a6864bdce39,12,12,False,mfa_forced_alignment,0.0,4.917,0.07199700000000053,149
78,80,-AUZQgSxyPQ$_$2,-AUZQgSxyPQ,2,/Users/wangyiming/Desktop/E题/E题数据/附件1-数据集原始多模态样本/MOSEI数据集部分原始视频-100条/-AUZQgSxyPQ/2.mp4,e09034b30bb4f8fb9f9c2568afc20f2a764e327fe6ef4e13f21804eaac51bb7b,/Users/wangyiming/Desktop/E题/problem1/work/mfa_corpus/-AUZQgSxyPQ__2.wav,145a67806f962ac54884e105e81abeb8e7b8930202f97d51c6a9c18c9b242d8c,/Users/wangyiming/Desktop/E题/problem1/work/mfa_corpus/-AUZQgSxyPQ__2.lab,afd5259eb3249aa69fd0b9e82203eb6d4d9eb78a22bab77caa04f4f5d5a356c5,/Users/wangyiming/Desktop/E题/problem1/work/mfa_alignment/-AUZQgSxyPQ__2.TextGrid,fa982bc254dc3cf0c20bc5fc7869daed9e09f7cc0f215f8a82c7c3ec31eef276,/Users/wangyiming/Desktop/E题/problem1/work/openface/-AUZQgSxyPQ__2/2.csv,d9a641fadfd438a3b560da5cbdca239a1717fa84657e479eb9e29107db2186c8,63b9be620e11339bcf5a1ca93fdbc82ca6c1c2b924f2dc76ae8f1aea344d835f,41,41,False,mfa_forced_alignment,0.0,22.4045625,0.10644049999999794,674
79,81,-HeZS2-Prhc$_$2,-HeZS2-Prhc,2,/Users/wangyiming/Desktop/E题/E题数据/附件1-数据集原始多模态样本/MOSEI数据集部分原始视频-100条/-HeZS2-Prhc/2.mp4,edb0fa22fdfbd990c8174764af78670bd2ecad799240d35d96a1124a3cd9dc0c,/Users/wangyiming/Desktop/E题/problem1/work/mfa_corpus/-HeZS2-Prhc__2.wav,6a04ccf7b26b76dcf7c63b6da139f2942e78f4779ae5694424ff37a2651b2874,/Users/wangyiming/Desktop/E题/problem1/work/mfa_corpus/-HeZS2-Prhc__2.lab,2e1e9cb7eb1fb90dc2edb57e5fbf342f9714558ebfdaaf6ea4a7448c8bddf431,/Users/wangyiming/Desktop/E题/problem1/work/mfa_alignment/-HeZS2-Prhc__2.TextGrid,d7faad9a23178fdc6d6781334f0505c07d85938c29153d3f37f740c106ae9a8e,/Users/wangyiming/Desktop/E题/problem1/work/openface/-HeZS2-Prhc__2/2.csv,2ed3e7f4f0c14605ba2734a6e2356359e29a693a50e51597107baa625c712a75,295da785ba9aa93a791617a368c63c34b23c7ace6b9ea1a8bde207d5a69ec1f6,16,16,False,mfa_forced_alignment,0.0,8.150875,0.11110400000000098,246
80,82,-MeTTeMJBNc$_$0,-MeTTeMJBNc,0,/Users/wangyiming/Desktop/E题/E题数据/附件1-数据集原始多模态样本/MOSEI数据集部分原始视频-100条/-MeTTeMJBNc/0.mp4,54e2097f7bdb455d243e72254e5af7ed16160739f2f3cfd22f57d2729ec1acbe,/Users/wangyiming/Desktop/E题/problem1/work/mfa_corpus/-MeTTeMJBNc__0.wav,99b3291a47d9c193eae5cb45aa4a99a72a636090e38a26c574def61e0b3d1ce3,/Users/wangyiming/Desktop/E题/problem1/work/mfa_corpus/-MeTTeMJBNc__0.lab,f585c150cda945d0f561326effd13bb68a385bc2f6eb8d6f254680d46572cd9e,/Users/wangyiming/Desktop/E题/problem1/work/mfa_alignment/-MeTTeMJBNc__0.TextGrid,2153906e41a79bf11bd47268a3b129f2b746974c889a282c06d52fed77531007,/Users/wangyiming/Desktop/E题/problem1/work/openface/-MeTTeMJBNc__0/0.csv,fa12e89c415a31202a090e4b816fe207f697b1dcbb69a62b7a2e9eb0657f6b48,69074f797ce266944c8ccd4e85dfada2debbd98408304ed997d030f537696de6,21,21,False,mfa_forced_alignment,0.04301075264811516,9.2183125,0.08168750000000102,279
81,83,-MeTTeMJBNc$_$13,-MeTTeMJBNc,13,/Users/wangyiming/Desktop/E题/E题数据/附件1-数据集原始多模态样本/MOSEI数据集部分原始视频-100条/-MeTTeMJBNc/13.mp4,80c5d996e5d7b61c58e1fe32d706efcaf80c8c8cddb5c37a5c66d527786c2a44,/Users/wangyiming/Desktop/E题/problem1/work/mfa_corpus/-MeTTeMJBNc__13.wav,724fa6341915d1679cffd03614c0c8c135409c3b70a64f1f27d5dde12c91e287,/Users/wangyiming/Desktop/E题/problem1/work/mfa_corpus/-MeTTeMJBNc__13.lab,bb0b90b840a72d468f60a2136380048fdc8e0f37ebadf2e40a61e0b2e0e0e231,/Users/wangyiming/Desktop/E题/problem1/work/mfa_alignment/-MeTTeMJBNc__13.TextGrid,8f8bca74c1a41fd47a02368e12974d1fd4302ea924ba402f1c7e018e8c3af4ca,/Users/wangyiming/Desktop/E题/problem1/work/openface/-MeTTeMJBNc__13/13.csv,d3f7a8b4702a292811e3bb190e7f1d3e32548a036e97314946fdbd95a0b28040,70af1a91b58db89e2040b4928c3138bd30d44f2166794de38aa8cea5e9f6ac40,14,14,False,mfa_forced_alignment,0.0,5.2555,0.17451300000000014,159
82,84,-MeTTeMJBNc$_$7,-MeTTeMJBNc,7,/Users/wangyiming/Desktop/E题/E题数据/附件1-数据集原始多模态样本/MOSEI数据集部分原始视频-100条/-MeTTeMJBNc/7.mp4,40716dc7402fd6398038eded58ce939ec76be6afbeea346b968bf4c427088f3a,/Users/wangyiming/Desktop/E题/problem1/work/mfa_corpus/-MeTTeMJBNc__7.wav,63b0e9aeadee52e4c9b97a7147f8f47cf56c9406edb7633335adecfdb74c4129,/Users/wangyiming/Desktop/E题/problem1/work/mfa_corpus/-MeTTeMJBNc__7.lab,ba95185330a6e08698371188ffd20285d052ad363ec2d7e622718236ff610dc2,/Users/wangyiming/Desktop/E题/problem1/work/mfa_alignment/-MeTTeMJBNc__7.TextGrid,721f46436ab4f6d3d524782e8c7d56521cffe8b66bc417fcc76d0376f4695f9d,/Users/wangyiming/Desktop/E题/problem1/work/openface/-MeTTeMJBNc__7/7.csv,4d128cf158b0e26a9a0c9a15fa52fe2bfae1787a95a60ea1ba27ea27e3eb4423,c8c0a191b8d2e4bb3effc2b5cca84fa60b7316e796955231631ca5f919bcdd59,31,31,False,mfa_forced_alignment,0.0,10.4113125,0.10567950000000081,314
83,85,-RfYyzHpjk4$_$11,-RfYyzHpjk4,11,/Users/wangyiming/Desktop/E题/E题数据/附件1-数据集原始多模态样本/MOSEI数据集部分原始视频-100条/-RfYyzHpjk4/11.mp4,96e481cd732001239639c8cb4e7f94e570925e5a15940920ffab0cec1f13f904,/Users/wangyiming/Desktop/E题/problem1/work/mfa_corpus/-RfYyzHpjk4__11.wav,6f1b1b4cc688b0bdae97da7fccc0a734052459a3dcfacf0dd82a4307315ae9ac,/Users/wangyiming/Desktop/E题/problem1/work/mfa_corpus/-RfYyzHpjk4__11.lab,d6119d7438cc8df97025c8aa5da78384b7cffb51e9c11195e7fbc6818a3773b6,/Users/wangyiming/Desktop/E题/problem1/work/mfa_alignment/-RfYyzHpjk4__11.TextGrid,90a61272bb1dbe908a3a2ecd51ed84ac51c7742f7862df423398b438aeff8c01,/Users/wangyiming/Desktop/E题/problem1/work/openface/-RfYyzHpjk4__11/11.csv,9ca4045cd7ca5d61d532ab1d6affe570357fa4efdb2e8948360938413fec6ad6,60dd92c4cea18c043c027f9e1ce9155fd9789f0437ae87e1cbffe21190d2d6d3,17,17,False,mfa_forced_alignment,0.0,5.074875,0.16412200000000077,154
84,86,-RfYyzHpjk4$_$8,-RfYyzHpjk4,8,/Users/wangyiming/Desktop/E题/E题数据/附件1-数据集原始多模态样本/MOSEI数据集部分原始视频-100条/-RfYyzHpjk4/8.mp4,ed8c672c532b8c7d1c830c82d6e2c14fcb3bbd3dc1a86670a03a6c8e83c02f3c,/Users/wangyiming/Desktop/E题/problem1/work/mfa_corpus/-RfYyzHpjk4__8.wav,09c68084c3fa226835518ef94e08677b2c6d1517a9d3b03ab716797cd689bf55,/Users/wangyiming/Desktop/E题/problem1/work/mfa_corpus/-RfYyzHpjk4__8.lab,bfd3964f1663b24ffad9412e807ef6433bb5b4eef248e6e8ccf4422a5235a949,/Users/wangyiming/Desktop/E题/problem1/work/mfa_alignment/-RfYyzHpjk4__8.TextGrid,8db34aefde4aa4fd43cccb64d6293c482af91c0b90f67fc7622fbb9cfe6c5c98,/Users/wangyiming/Desktop/E题/problem1/work/openface/-RfYyzHpjk4__8/8.csv,c3f4cb5057203bb43bc032e389162181e0a6dd04771099eb10d14c48c0830944,96b4f83f7337d59b5cf912a1ab1334a82b32c1b92cbd154ddb00d3881dcbe1a7,17,17,False,mfa_forced_alignment,0.0,4.532375,0.05662199999999995,137
85,87,-RfYyzHpjk4$_$2,-RfYyzHpjk4,2,/Users/wangyiming/Desktop/E题/E题数据/附件1-数据集原始多模态样本/MOSEI数据集部分原始视频-100条/-RfYyzHpjk4/2.mp4,5e428ee22de58c9d6561b9b4353bef9dfb811a5841d9ab07b5bc453d697ad17f,/Users/wangyiming/Desktop/E题/problem1/work/mfa_corpus/-RfYyzHpjk4__2.wav,552acf232e261c49a2ffdc6efd6897cd9750d70666727057d7808b3052a27d8d,/Users/wangyiming/Desktop/E题/problem1/work/mfa_corpus/-RfYyzHpjk4__2.lab,9f246d01200b65201887284a94f23201b7ef1c096a6924356ade01edb1b87ded,/Users/wangyiming/Desktop/E题/problem1/work/mfa_alignment/-RfYyzHpjk4__2.TextGrid,863d399d9ca63d0b6e474020f33f76e5dff0a24e6872bb1e6aeadc66af06a56d,/Users/wangyiming/Desktop/E题/problem1/work/openface/-RfYyzHpjk4__2/2.csv,549016be9ae6e3d41912963555df921e8058552cf4cfabba3ca38fbd32e9abb2,3deda8e7d193bbdf6ef39fe67d280c3d28f37529f52ad8d5556809374bb04e31,25,25,False,mfa_forced_alignment,0.0,5.3918125,0.12420349999999925,164
86,88,-UUCSKoHeMA$_$0,-UUCSKoHeMA,0,/Users/wangyiming/Desktop/E题/E题数据/附件1-数据集原始多模态样本/MOSEI数据集部分原始视频-100条/-UUCSKoHeMA/0.mp4,3f9792888ec8e969f61cfb6cb4de7bdf7ef8944afe0a9d2a9d13586e1f13b898,/Users/wangyiming/Desktop/E题/problem1/work/mfa_corpus/-UUCSKoHeMA__0.wav,fb135d499181e523dc959bc5ba61b811a94c085e5cbd7a3c5849d24e3d217bdf,/Users/wangyiming/Desktop/E题/problem1/work/mfa_corpus/-UUCSKoHeMA__0.lab,402ac473cb71a367b68c489447bd3c4aee8802bc5cc4a2438eb458637691d623,/Users/wangyiming/Desktop/E题/problem1/work/mfa_alignment/-UUCSKoHeMA__0.TextGrid,9c5bd0e443b3ea47c83e2c9fcfda3b7a52424036fb60062d826c42f0d645321c,/Users/wangyiming/Desktop/E题/problem1/work/openface/-UUCSKoHeMA__0/0.csv,b8d0f1310f0c08d9a981d257df35c5ef8dfe8cbcb32951c103c46395780c69b3,068d3f0a130bf1627574c39acf4d770a336783134f84ad686263b931d9e8ff37,18,18,False,mfa_forced_alignment,0.05128205195069313,7.73225,0.0677500000000002,234
87,89,-ri04Z7vwnc$_$0,-ri04Z7vwnc,0,/Users/wangyiming/Desktop/E题/E题数据/附件1-数据集原始多模态样本/MOSEI数据集部分原始视频-100条/-ri04Z7vwnc/0.mp4,93021c70c8fad20ad3fded80e7fc790a2f9c96835de58a3b694c6906de42684b,/Users/wangyiming/Desktop/E题/problem1/work/mfa_corpus/-ri04Z7vwnc__0.wav,687f6834b8b754d3e75549fbbb7967fed28b4ae39dee08a58fe8b610922d4608,/Users/wangyiming/Desktop/E题/problem1/work/mfa_corpus/-ri04Z7vwnc__0.lab,0fc279c50bff3286e9e8dae7a60fb612ed9000882547f5b97e1e5cf66a0263bc,/Users/wangyiming/Desktop/E题/problem1/work/mfa_alignment/-ri04Z7vwnc__0.TextGrid,84268b1780804d19298bf5bdac9c81b831d06a23035948b9257641fd7fbe43d1,/Users/wangyiming/Desktop/E题/problem1/work/openface/-ri04Z7vwnc__0/0.csv,571dc1c3f74e09c54f8d32390f61e161aba5bdd8bda9ae7ab806cbf0fd8c70da,f8359eec749edcd8d8f4934b63dcac01d59f0e21b55e121f7a009d5e3da82c8a,8,8,False,mfa_forced_alignment,1.0,2.76325,0.043749999999999734,67
88,90,-ri04Z7vwnc$_$2,-ri04Z7vwnc,2,/Users/wangyiming/Desktop/E题/E题数据/附件1-数据集原始多模态样本/MOSEI数据集部分原始视频-100条/-ri04Z7vwnc/2.mp4,f5993ce3a6ee56298462c08692a96f78c7d914d7264257ed401de7d6e17fd148,/Users/wangyiming/Desktop/E题/problem1/work/mfa_corpus/-ri04Z7vwnc__2.wav,adefec4fd3c545e1867616e831a75d0c63c378c913bcfcc79f79df90d4ebb0f0,/Users/wangyiming/Desktop/E题/problem1/work/mfa_corpus/-ri04Z7vwnc__2.lab,c4a6a23b6a2b0acbe5a4f1d01ed452528c57a082dc291b34a967214f892183a9,/Users/wangyiming/Desktop/E题/problem1/work/mfa_alignment/-ri04Z7vwnc__2.TextGrid,91f3ce723bd1f397ad3df8462a0b5a3d77216f6ebec8eba7d1ebc60d1069001c,/Users/wangyiming/Desktop/E题/problem1/work/openface/-ri04Z7vwnc__2/2.csv,c5adce6fbf02c62652558fe4db2fbedec703738185616c67baf5dbab90743bf3,0dbc7e4e9f0b5023daef202754da628716fddc537c8fe7ea12cb414072cb9e65,16,16,False,mfa_forced_alignment,0.6713286638259888,5.913375,0.11362499999999986,143
89,91,-ri04Z7vwnc$_$5,-ri04Z7vwnc,5,/Users/wangyiming/Desktop/E题/E题数据/附件1-数据集原始多模态样本/MOSEI数据集部分原始视频-100条/-ri04Z7vwnc/5.mp4,2a5e4319bf592a18c8eb5117f7c7ec30c6c79528f9eac9fe4fb85bf70f277736,/Users/wangyiming/Desktop/E题/problem1/work/mfa_corpus/-ri04Z7vwnc__5.wav,87ddb22ff3570fdf5d2041a954afb5c30fa809f7091f9a5098a1c61e7685fa10,/Users/wangyiming/Desktop/E题/problem1/work/mfa_corpus/-ri04Z7vwnc__5.lab,832197fff5e2aa48d78cc3501075be0490eb81ceda56145e9abd25e7a7094107,/Users/wangyiming/Desktop/E题/problem1/work/mfa_alignment/-ri04Z7vwnc__5.TextGrid,de1e653314a6a2d5e8326e2b3f500ef3a701ea02f8660a7e3b42730237cf4df9,/Users/wangyiming/Desktop/E题/problem1/work/openface/-ri04Z7vwnc__5/5.csv,a0b70545b7aff4be0d5abd4b1e80f6ae4823372ccd507879ad261a1f6cce4e1e,63d4843353c740e0c5128ae0730131a046dcc1370241bf6300a0f545dbf569e7,8,8,False,mfa_forced_alignment,0.0,3.43975,0.10524999999999984,83
90,92,-s9qJ7ATP7w$_$1,-s9qJ7ATP7w,1,/Users/wangyiming/Desktop/E题/E题数据/附件1-数据集原始多模态样本/MOSEI数据集部分原始视频-100条/-s9qJ7ATP7w/1.mp4,a33e8f82a185bcb7648b523927308cdc2142e3076479ba2b45cd0e828636fc09,/Users/wangyiming/Desktop/E题/problem1/work/mfa_corpus/-s9qJ7ATP7w__1.wav,e3cc5d2f7f1eae6ade5e6a819f8a4e8586173261e20c9503196af365458ab6cb,/Users/wangyiming/Desktop/E题/problem1/work/mfa_corpus/-s9qJ7ATP7w__1.lab,5199a34b3ab412a266f0f4c1469664c2123576573e5cbfc6ecd55379c84ac91f,/Users/wangyiming/Desktop/E题/problem1/work/mfa_alignment/-s9qJ7ATP7w__1.TextGrid,166c6a460eef8c23f75ba52cfc2d94d59f801b9748a8d59f78b58aac41789832,/Users/wangyiming/Desktop/E题/problem1/work/openface/-s9qJ7ATP7w__1/1.csv,163dee9e6551edd72078c5c0ff4be87eb6bf9d4e22ea211d9bc2fb8b1b2f401f,fc11e605d3f2728141860575343eb102f6f53833968da61ae750d079d8255ecc,11,11,False,mfa_forced_alignment,0.0,4.6438125,0.14817949999999946,140
91,93,-s9qJ7ATP7w$_$0,-s9qJ7ATP7w,0,/Users/wangyiming/Desktop/E题/E题数据/附件1-数据集原始多模态样本/MOSEI数据集部分原始视频-100条/-s9qJ7ATP7w/0.mp4,f2324dbc6debe0d1e4254e6f943523373e3cbb30d8d0555413ce3a7b370a4af5,/Users/wangyiming/Desktop/E题/problem1/work/mfa_corpus/-s9qJ7ATP7w__0.wav,b549f277fe5e523ab2a44f4a03ca1ef762cc4cc060c348d4b33db245b120cd6e,/Users/wangyiming/Desktop/E题/problem1/work/mfa_corpus/-s9qJ7ATP7w__0.lab,430cc1d472b6f50075a45aae8a83f4a848a954092993cc9268bcf6b41fb7f217,/Users/wangyiming/Desktop/E题/problem1/work/mfa_alignment/-s9qJ7ATP7w__0.TextGrid,97ba880be3cea57203366ce557037e2f89d8eb8a2332d713ed156bdb953d9b0a,/Users/wangyiming/Desktop/E题/problem1/work/openface/-s9qJ7ATP7w__0/0.csv,63fd4cfd840c24211e41c861ff583e3b48a6345be827de7ee9ebe5f9172f757e,e333363d6d12b3461247ec2734f656ef464436c1a54a56b6bc09429ccface63e,24,24,False,mfa_forced_alignment,0.0,6.7105625,0.08943749999999984,204
92,94,-s9qJ7ATP7w$_$5,-s9qJ7ATP7w,5,/Users/wangyiming/Desktop/E题/E题数据/附件1-数据集原始多模态样本/MOSEI数据集部分原始视频-100条/-s9qJ7ATP7w/5.mp4,bd35eb8de64ce1f8b27921294598f7cf5bb971255738f51d06458c7096c58eae,/Users/wangyiming/Desktop/E题/problem1/work/mfa_corpus/-s9qJ7ATP7w__5.wav,f9e15ccd5c8a3415e62bc52e16d2da24060c855f614fcd79dad9cdbae0388f1e,/Users/wangyiming/Desktop/E题/problem1/work/mfa_corpus/-s9qJ7ATP7w__5.lab,4ae5f05c6b296331d1e2a79a0b822fcd9790a22f4d05e62defa438924eec9577,/Users/wangyiming/Desktop/E题/problem1/work/mfa_alignment/-s9qJ7ATP7w__5.TextGrid,455407973b087d2620db1773e54771c6c13b9ea94f0731961dbd23b978b20fa2,/Users/wangyiming/Desktop/E题/problem1/work/openface/-s9qJ7ATP7w__5/5.csv,9b3a801cbb26d3dbb9155e48910bb18c6a535d16db95494f8cfe1f512e6acf77,b532f857dc28cccf49cc7fded529891c28e72445f5c0f26d93ada62bc93f6a0d,19,19,False,mfa_forced_alignment,0.0,8.397875,0.1631279999999986,253
93,95,-s9qJ7ATP7w$_$4,-s9qJ7ATP7w,4,/Users/wangyiming/Desktop/E题/E题数据/附件1-数据集原始多模态样本/MOSEI数据集部分原始视频-100条/-s9qJ7ATP7w/4.mp4,76e0672ffce5857a789b41fb10606402f7da58c33579b1032a8282f86fb35bc9,/Users/wangyiming/Desktop/E题/problem1/work/mfa_corpus/-s9qJ7ATP7w__4.wav,900fe69eb4c47e0bd7450e5b847418abe4d7940d1d40015b2f64e913525352e6,/Users/wangyiming/Desktop/E题/problem1/work/mfa_corpus/-s9qJ7ATP7w__4.lab,2fce1abcfff7b22500cb9a5261b61b0e7fffaaae202705b0fedb5c161eac1f4c,/Users/wangyiming/Desktop/E题/problem1/work/mfa_alignment/-s9qJ7ATP7w__4.TextGrid,4dd0137baf5171dc2f2cfb885049e01f32f5e5f007e56743bb77c8c1c4573175,/Users/wangyiming/Desktop/E题/problem1/work/openface/-s9qJ7ATP7w__4/4.csv,6ec48e81ab32b79d4b18315695adbe8a4e76c53f808d0b0960846388e4875f93,ed16431b29114afc0ca32c2ae42cb009a4bb1c91df404f0cb19b7bbd27b93935,9,9,False,mfa_forced_alignment,0.03100775182247162,4.246875,0.18014300000000016,129
94,96,-s9qJ7ATP7w$_$7,-s9qJ7ATP7w,7,/Users/wangyiming/Desktop/E题/E题数据/附件1-数据集原始多模态样本/MOSEI数据集部分原始视频-100条/-s9qJ7ATP7w/7.mp4,5301f4403cf7cd299cc525d2f443392ac70fd70c3c9cd4a09406f2ba4df6734d,/Users/wangyiming/Desktop/E题/problem1/work/mfa_corpus/-s9qJ7ATP7w__7.wav,9f53bde54d3ded57eaaa8c1fb6c9c9efef9641bd1f6a5ff7c0a954aaaabc70bb,/Users/wangyiming/Desktop/E题/problem1/work/mfa_corpus/-s9qJ7ATP7w__7.lab,39cd11a3f3209c12eac00418875e1ee24df126a6c67397d085b16afc87f60613,/Users/wangyiming/Desktop/E题/problem1/work/mfa_alignment/-s9qJ7ATP7w__7.TextGrid,e785b3acf3856ee68693d2eabbcbf6fd57639ee0df087a4bd453bb757802772b,/Users/wangyiming/Desktop/E题/problem1/work/openface/-s9qJ7ATP7w__7/7.csv,abf9ba3277782a5f864a8881cf99a75308a889f6add3682dd62b993b1e648050,c67e4dec4993e2e95af826e438bdadc70cc6f18aaa6da8f0835c4117dc47192e,28,28,False,mfa_forced_alignment,0.260869562625885,6.8385625,0.12745349999999966,207
95,97,-s9qJ7ATP7w$_$6,-s9qJ7ATP7w,6,/Users/wangyiming/Desktop/E题/E题数据/附件1-数据集原始多模态样本/MOSEI数据集部分原始视频-100条/-s9qJ7ATP7w/6.mp4,40b684fd1b4559f0f82e72f9b47f4ce7c5e15059fe8d0d8ab112637cd3386451,/Users/wangyiming/Desktop/E题/problem1/work/mfa_corpus/-s9qJ7ATP7w__6.wav,1e5eb4dd4ae825e0a7ab6f617f125bddf5ae53c55f3526f0d1a2f825114b00c7,/Users/wangyiming/Desktop/E题/problem1/work/mfa_corpus/-s9qJ7ATP7w__6.lab,5582bdb32213db46192918c3f88eea137eddfbd6f5b59bbeffd32aa2b26664c0,/Users/wangyiming/Desktop/E题/problem1/work/mfa_alignment/-s9qJ7ATP7w__6.TextGrid,6c7d8686d385f83bc680620a6c594d99db799d02793f1307618cc822280b7276,/Users/wangyiming/Desktop/E题/problem1/work/openface/-s9qJ7ATP7w__6/6.csv,21554eb66482bc23152a1ca6f231106ea0b3c1cf5d052491e1d6789e0f6c3ad6,540c3240d507a4e86c8299a9769722ed27358eacac4eb726281f46ad9730a039,5,5,False,mfa_forced_alignment,0.1690140813589096,2.3148125,0.16018750000000015,71
96,98,-s9qJ7ATP7w$_$8,-s9qJ7ATP7w,8,/Users/wangyiming/Desktop/E题/E题数据/附件1-数据集原始多模态样本/MOSEI数据集部分原始视频-100条/-s9qJ7ATP7w/8.mp4,1de4d91bd9d9fb508a3779658747da88460db0bdb1beefe7ea5b2c77edfd2239,/Users/wangyiming/Desktop/E题/problem1/work/mfa_corpus/-s9qJ7ATP7w__8.wav,8845f46cbe24a90233bcccbaff0781bf673e4ee9a66c18fd1d9b25bf454a6701,/Users/wangyiming/Desktop/E题/problem1/work/mfa_corpus/-s9qJ7ATP7w__8.lab,24dd7df0a944b78ff1172e518a459e15fb6d4e628a63555d4c2f87bf17988f95,/Users/wangyiming/Desktop/E题/problem1/work/mfa_alignment/-s9qJ7ATP7w__8.TextGrid,8ea1f485da1046c342a649c423692cc304abf4c9b51e2270c6aa438a80d4857c,/Users/wangyiming/Desktop/E题/problem1/work/openface/-s9qJ7ATP7w__8/8.csv,8a09f3df40cdd3901fca18869ee5cab25e84c6565a708146b685da81af7e1ae7,1d13a72d55d793fd97727df71cfb0a249560062b5a1d6bb38ca86d823e261fcc,12,12,False,mfa_forced_alignment,0.0,3.18425,0.11073699999999986,97
97,99,-yRb-Jum7EQ$_$1,-yRb-Jum7EQ,1,/Users/wangyiming/Desktop/E题/E题数据/附件1-数据集原始多模态样本/MOSEI数据集部分原始视频-100条/-yRb-Jum7EQ/1.mp4,2f16da1baa8660e5bfc608f5237cdd59725d16e57a19bc02c4556cd2c7129a46,/Users/wangyiming/Desktop/E题/problem1/work/mfa_corpus/-yRb-Jum7EQ__1.wav,12de024009e892c36ffd307aa8f8876006540c5588fc0392bc6d1c17b1c1f1d4,/Users/wangyiming/Desktop/E题/problem1/work/mfa_corpus/-yRb-Jum7EQ__1.lab,e57d2d4fe8b8c89a335bd09521f17ca14f385d91c79f14dbbe5452dad8177138,/Users/wangyiming/Desktop/E题/problem1/work/mfa_alignment/-yRb-Jum7EQ__1.TextGrid,031f2e30f2509c1dedd498564b75ba3f727d17aefc85cc1b1b54dd4897e44325,/Users/wangyiming/Desktop/E题/problem1/work/openface/-yRb-Jum7EQ__1/1.csv,654845e2fb015ceb4046d7c69b7bb41bd24cbb427b242cb5cae6b64ded883192,3db29b5fe08158712ff5a3be7ca60d3250fe8a5f19fca794af884b6eddfc9521,49,49,False,mfa_forced_alignment,0.0,29.10975,0.1782710000000023,875
98,100,-yRb-Jum7EQ$_$5,-yRb-Jum7EQ,5,/Users/wangyiming/Desktop/E题/E题数据/附件1-数据集原始多模态样本/MOSEI数据集部分原始视频-100条/-yRb-Jum7EQ/5.mp4,6d6145293cf84d1fc8324dfa8d39465e2d7fc07affb67ff68deeabf6e3c410d9,/Users/wangyiming/Desktop/E题/problem1/work/mfa_corpus/-yRb-Jum7EQ__5.wav,0ffbc1171dd77f32f983d122b9d188a344f0142c58507cb86cc0cf2283290c37,/Users/wangyiming/Desktop/E题/problem1/work/mfa_corpus/-yRb-Jum7EQ__5.lab,8241e90e01521e973da6045941f763408edff948cd98646a3a08fe7c6127a654,/Users/wangyiming/Desktop/E题/problem1/work/mfa_alignment/-yRb-Jum7EQ__5.TextGrid,b522a78c1b79b00a611f69db84de80797b9ff39c010bfe9a99534d19d1340d97,/Users/wangyiming/Desktop/E题/problem1/work/openface/-yRb-Jum7EQ__5/5.csv,d1c843c7edf36b597b801059348d78c4b96641659a4326a5a82a610b1875fa3a,bc3d2a1cf48622c2c95ac5dd845e300135aa5e857b6028aeb01b686073de450c,25,25,False,mfa_forced_alignment,0.0,13.0445625,0.12444750000000049,394
99,101,-yRb-Jum7EQ$_$6,-yRb-Jum7EQ,6,/Users/wangyiming/Desktop/E题/E题数据/附件1-数据集原始多模态样本/MOSEI数据集部分原始视频-100条/-yRb-Jum7EQ/6.mp4,b51eb9ad06de804934cb6a315de591ba9ff7f8aa71bffff7f8001ab29945d989,/Users/wangyiming/Desktop/E题/problem1/work/mfa_corpus/-yRb-Jum7EQ__6.wav,86246758e73fe93153f81f85faec42abe1dbdc0b60d557fb6309483f17689006,/Users/wangyiming/Desktop/E题/problem1/work/mfa_corpus/-yRb-Jum7EQ__6.lab,9cca6414f5e45b1d9bc6d6391d8ddd2d56604a7327f09c1039b698997765f968,/Users/wangyiming/Desktop/E题/problem1/work/mfa_alignment/-yRb-Jum7EQ__6.TextGrid,f8876ebabc3fd321afca8f5a9c1ca8a489716cd4f596d7d00cddfb22f0b1e330,/Users/wangyiming/Desktop/E题/problem1/work/openface/-yRb-Jum7EQ__6/6.csv,f2d313cafd6250f58d3bdfac74d29e220b05f8325ee752269649412811f590d9,6a4981f420b782a67ccf0e6e26fa55d976b75762db3a806b33fe10d05bad8401,19,19,False,mfa_forced_alignment,0.0,11.2425625,0.0005675000000007202,336
