modality,target_missing_ratio,actual_missing_ratio,n_seeds,accuracy_mean,macro_f1_mean,macro_f1_sd,mae_mean,mae_sd,delta_macro_f1,delta_mae
T,0.1,0.09389183468666377,5,0.6282967032967033,0.6221043285282537,0.0024100975319180837,0.6291506824489161,0.0007845239179414655,-0.007679732082606638,0.001287076893584982
T,0.2,0.1802691483133278,5,0.6214285714285714,0.6146874413584965,0.003614165531420083,0.6291440683028119,0.004295101648979935,-0.01509661925236383,0.0012804627474807262
T,0.3,0.26939294380801065,5,0.6186813186813187,0.6127507204119454,0.005696012346505066,0.6310603499295162,0.005680501778326398,-0.017033340198914892,0.0031967443741850454
T,0.4,0.3580623452480023,5,0.6082417582417583,0.6028572489201627,0.010680472327404688,0.6326194167264756,0.006680055670680505,-0.02692681169069766,0.004755811171144431
T,0.5,0.44845298755463664,5,0.6024725274725274,0.5975118907938965,0.005838228270037355,0.6378278093808778,0.007272724536196471,-0.03227216981696379,0.009964203825546636
A,0.1,0.1058550570671866,5,0.6329670329670329,0.6269688851407258,0.0025029872257439183,0.6278024127529385,0.0008720243710517806,-0.0028151754701345455,-6.119280239269553e-05
A,0.2,0.20061769281196726,5,0.6302197802197802,0.6246286204626637,0.0018974979360047138,0.6277056315702074,0.0014582377865835529,-0.005155440148196688,-0.00015797398512373828
A,0.3,0.2993212751225456,5,0.6288461538461538,0.6237563001391799,0.003807930940195279,0.628113463655457,0.0018873813731033493,-0.00602776047168041,0.00024985810012578824
A,0.4,0.39708771585271907,5,0.6288461538461538,0.6238982181206072,0.0034726538079506587,0.6290379498087082,0.0019255421682083705,-0.005885842490253146,0.0011743442533770354
A,0.5,0.49757687366762005,5,0.6252747252747253,0.6209934144863886,0.0027177062888317457,0.6306194343642846,0.0013312005280795272,-0.00879064612447178,0.00275582880895342
V,0.1,0.10566389190217296,5,0.6302197802197802,0.6239970281219308,0.0016619535366213306,0.6276580875726023,0.0006978718423556508,-0.005787032488929533,-0.00020551798272883115
V,0.2,0.19667346990452364,5,0.6277472527472527,0.6216698023488545,0.0012720878392192556,0.6272726735014438,0.0007363814610722087,-0.008114258262005847,-0.000590932053887383
V,0.3,0.29104788716022784,5,0.6247252747252747,0.6184496831410488,0.001159280475811545,0.6274643364482672,0.0010308246643216923,-0.011334377469811585,-0.0003992691070640042
V,0.4,0.3858652260195423,5,0.6274725274725275,0.6207620637689307,0.002283373019791893,0.6275367871206062,0.0012760851960104882,-0.009021996841929614,-0.0003268184347249292
V,0.5,0.48368138516997244,5,0.6315934065934066,0.6245017011123172,0.0016410120482696084,0.6283856582013918,0.0010946798092280098,-0.0052823594985431654,0.0005220526460606445
TA,0.1,0.09910024865274573,5,0.625,0.6192626411178062,0.006674733583597079,0.6294073948758503,0.0030063459081631667,-0.010521419493054185,0.0015437893205191289
TA,0.2,0.18949097313068725,5,0.6184065934065934,0.613047310546974,0.007860024229386078,0.6283752122729541,0.005200433716181701,-0.016736750063886308,0.0005116067176229588
TA,0.3,0.2831221337297133,5,0.6096153846153847,0.6053880275985529,0.00857630113037859,0.6306703460069212,0.007838992878259976,-0.024396033012307416,0.0028067404515900174
TA,0.4,0.3761118123573916,5,0.5991758241758243,0.5953917107802968,0.010252095803871139,0.6363315658685739,0.007942063651283481,-0.034392349830563496,0.008467960313242706
TA,0.5,0.47121116826003717,5,0.5936813186813187,0.5909733863455244,0.00941863546495051,0.6418944324910446,0.006767125757804336,-0.03881067426533591,0.014030826935713447
TV,0.1,0.09917333758958094,5,0.6263736263736264,0.6196528771039512,0.003943064676668785,0.6300453562369113,0.0019006385444521106,-0.010131183506909114,0.002181750681580108
TV,0.2,0.18928332928731872,5,0.6184065934065934,0.6113106764552506,0.007714099967412719,0.6302783345964809,0.002284431215671681,-0.01847338415560973,0.002414729041149699
TV,0.3,0.2822546521304073,5,0.6126373626373627,0.6063462950919007,0.008139462971166052,0.6287729679376902,0.0013475628092031596,-0.023437765518959597,0.000909362382359058
TV,0.4,0.37503214262344026,5,0.6063186813186814,0.6005868427180453,0.010749835471964585,0.6293427526618222,0.005025004038878007,-0.02919721789281504,0.0014791471064909967
TV,0.5,0.4698069084967885,5,0.6074175824175825,0.6024508309493284,0.012678293973144709,0.6305830105890042,0.004198337870258658,-0.027333229661531955,0.0027194050336730724
AV,0.1,0.10625206053789174,5,0.6315934065934066,0.625585597994107,0.0005098893477691078,0.6268194134588286,0.0007796267836577667,-0.0041984626167533845,-0.0010441920965025275
AV,0.2,0.20094650916263954,5,0.6285714285714286,0.622739634740782,0.0027468869900341935,0.6259908264813749,0.0016326560747861065,-0.0070444258700783635,-0.0018727790739562211
AV,0.3,0.29921344978796255,5,0.6255494505494505,0.6203469996829862,0.0023286359891223816,0.625372726894828,0.0013354116037076031,-0.009437060927874108,-0.0024908786605031263
AV,0.4,0.39699720640431396,5,0.6241758241758242,0.6191670082039177,0.002251787476490398,0.6258130412227999,0.0016276423601619045,-0.010617052406942662,-0.0020505643325312573
AV,0.5,0.4973962638568093,5,0.6217032967032967,0.6166076689439601,0.0022755631963034526,0.6276840400882385,0.0013321991163712374,-0.013176391666900211,-0.000179565467092635
TAV,0.1,0.10113686221846185,5,0.6252747252747253,0.6187348383066691,0.0058168489091519286,0.6286127980883556,0.001590082031146987,-0.011049222304191253,0.000749192533024412
TAV,0.2,0.19286684229314982,5,0.6173076923076923,0.6112008090769295,0.007103297414752974,0.6306080031859211,0.0027750471090872376,-0.01858325153393081,0.0027443976305899787
TAV,0.3,0.2877887157661902,5,0.6107142857142858,0.6056698258021789,0.012498444481640671,0.6293615296307458,0.004826860850463978,-0.024114234808681467,0.0014979240754146028
TAV,0.4,0.3822776954825763,5,0.6019230769230769,0.5968887803823562,0.00905582666430437,0.6291629017711934,0.007135660935332363,-0.03289528022850419,0.0012992962158622223
TAV,0.5,0.4789656638526,5,0.5956043956043956,0.5914272796057681,0.007480753930063728,0.6320737026198152,0.007512434284196889,-0.03835678100509221,0.004210097064484053
