sequence_number_1based,sample_index_0based,label_excel_row,sample_id,modality,raw_video_duration_s,aligned_start_s,aligned_end_s,feature_dimension,fixed_sequence_length,valid_sequence_length,available_positions,alignment_granularity,alignment_method,raw_video_path,modality_source_path,feature_sha256
1,0,2,-3g5yACwYnA$_$13,文本,5.513997,1.440000,4.870000,768,50,15,15,词,MFA,/Users/wangyiming/Desktop/E题/E题数据/附件1-数据集原始多模态样本/MOSEI数据集部分原始视频-100条/-3g5yACwYnA/13.mp4,/Users/wangyiming/Desktop/E题/problem1/work/mfa_corpus/-3g5yACwYnA__13.lab,6121be3dfb272fe1c3ba6994c885826c818649a810eb19d5cf60ae54a69c88e0
1,0,2,-3g5yACwYnA$_$13,语音,5.513997,1.440000,4.870000,74,50,15,15,词,MFA,/Users/wangyiming/Desktop/E题/E题数据/附件1-数据集原始多模态样本/MOSEI数据集部分原始视频-100条/-3g5yACwYnA/13.mp4,/Users/wangyiming/Desktop/E题/problem1/work/mfa_corpus/-3g5yACwYnA__13.wav,6121be3dfb272fe1c3ba6994c885826c818649a810eb19d5cf60ae54a69c88e0
1,0,2,-3g5yACwYnA$_$13,视觉,5.513997,1.440000,4.870000,35,50,15,15,词,MFA,/Users/wangyiming/Desktop/E题/E题数据/附件1-数据集原始多模态样本/MOSEI数据集部分原始视频-100条/-3g5yACwYnA/13.mp4,/Users/wangyiming/Desktop/E题/problem1/work/openface/-3g5yACwYnA__13/13.csv,6121be3dfb272fe1c3ba6994c885826c818649a810eb19d5cf60ae54a69c88e0
2,1,3,-3g5yACwYnA$_$3,文本,14.388997,0.520000,14.300000,768,50,29,29,词,MFA,/Users/wangyiming/Desktop/E题/E题数据/附件1-数据集原始多模态样本/MOSEI数据集部分原始视频-100条/-3g5yACwYnA/3.mp4,/Users/wangyiming/Desktop/E题/problem1/work/mfa_corpus/-3g5yACwYnA__3.lab,55ea7dfba8888a82bdeb8877d8f8be0f665b6d985951689ff9fad59c2b5dbf3c
2,1,3,-3g5yACwYnA$_$3,语音,14.388997,0.520000,14.300000,74,50,29,29,词,MFA,/Users/wangyiming/Desktop/E题/E题数据/附件1-数据集原始多模态样本/MOSEI数据集部分原始视频-100条/-3g5yACwYnA/3.mp4,/Users/wangyiming/Desktop/E题/problem1/work/mfa_corpus/-3g5yACwYnA__3.wav,55ea7dfba8888a82bdeb8877d8f8be0f665b6d985951689ff9fad59c2b5dbf3c
2,1,3,-3g5yACwYnA$_$3,视觉,14.388997,0.520000,14.300000,35,50,29,29,词,MFA,/Users/wangyiming/Desktop/E题/E题数据/附件1-数据集原始多模态样本/MOSEI数据集部分原始视频-100条/-3g5yACwYnA/3.mp4,/Users/wangyiming/Desktop/E题/problem1/work/openface/-3g5yACwYnA__3/3.csv,55ea7dfba8888a82bdeb8877d8f8be0f665b6d985951689ff9fad59c2b5dbf3c
3,2,4,-3g5yACwYnA$_$2,文本,9.394010,0.220000,9.170000,768,50,14,14,词,MFA,/Users/wangyiming/Desktop/E题/E题数据/附件1-数据集原始多模态样本/MOSEI数据集部分原始视频-100条/-3g5yACwYnA/2.mp4,/Users/wangyiming/Desktop/E题/problem1/work/mfa_corpus/-3g5yACwYnA__2.lab,e8435c671094c950869e3f3c631d5751a498623d10c7d29f31298471a81b3b31
3,2,4,-3g5yACwYnA$_$2,语音,9.394010,0.220000,9.170000,74,50,14,14,词,MFA,/Users/wangyiming/Desktop/E题/E题数据/附件1-数据集原始多模态样本/MOSEI数据集部分原始视频-100条/-3g5yACwYnA/2.mp4,/Users/wangyiming/Desktop/E题/problem1/work/mfa_corpus/-3g5yACwYnA__2.wav,e8435c671094c950869e3f3c631d5751a498623d10c7d29f31298471a81b3b31
3,2,4,-3g5yACwYnA$_$2,视觉,9.394010,0.220000,9.170000,35,50,14,14,词,MFA,/Users/wangyiming/Desktop/E题/E题数据/附件1-数据集原始多模态样本/MOSEI数据集部分原始视频-100条/-3g5yACwYnA/2.mp4,/Users/wangyiming/Desktop/E题/problem1/work/openface/-3g5yACwYnA__2/2.csv,e8435c671094c950869e3f3c631d5751a498623d10c7d29f31298471a81b3b31
4,3,5,-3g5yACwYnA$_$9,文本,8.816992,0.750000,8.130000,768,50,23,23,词,MFA,/Users/wangyiming/Desktop/E题/E题数据/附件1-数据集原始多模态样本/MOSEI数据集部分原始视频-100条/-3g5yACwYnA/9.mp4,/Users/wangyiming/Desktop/E题/problem1/work/mfa_corpus/-3g5yACwYnA__9.lab,3482c04aa3a5b8ef8198ae40aefd3324f0b0f7944a00440bb6194212c729fb45
4,3,5,-3g5yACwYnA$_$9,语音,8.816992,0.750000,8.130000,74,50,23,23,词,MFA,/Users/wangyiming/Desktop/E题/E题数据/附件1-数据集原始多模态样本/MOSEI数据集部分原始视频-100条/-3g5yACwYnA/9.mp4,/Users/wangyiming/Desktop/E题/problem1/work/mfa_corpus/-3g5yACwYnA__9.wav,3482c04aa3a5b8ef8198ae40aefd3324f0b0f7944a00440bb6194212c729fb45
4,3,5,-3g5yACwYnA$_$9,视觉,8.816992,0.750000,8.130000,35,50,23,23,词,MFA,/Users/wangyiming/Desktop/E题/E题数据/附件1-数据集原始多模态样本/MOSEI数据集部分原始视频-100条/-3g5yACwYnA/9.mp4,/Users/wangyiming/Desktop/E题/problem1/work/openface/-3g5yACwYnA__9/9.csv,3482c04aa3a5b8ef8198ae40aefd3324f0b0f7944a00440bb6194212c729fb45
5,4,6,-3nNcZdcdvU$_$5,文本,7.867969,0.490000,7.230000,768,50,18,18,词,MFA,/Users/wangyiming/Desktop/E题/E题数据/附件1-数据集原始多模态样本/MOSEI数据集部分原始视频-100条/-3nNcZdcdvU/5.mp4,/Users/wangyiming/Desktop/E题/problem1/work/mfa_corpus/-3nNcZdcdvU__5.lab,09e080503d32be252693a9221c4e5e37c2956d7688624952c828c4caca2e2717
5,4,6,-3nNcZdcdvU$_$5,语音,7.867969,0.490000,7.230000,74,50,18,18,词,MFA,/Users/wangyiming/Desktop/E题/E题数据/附件1-数据集原始多模态样本/MOSEI数据集部分原始视频-100条/-3nNcZdcdvU/5.mp4,/Users/wangyiming/Desktop/E题/problem1/work/mfa_corpus/-3nNcZdcdvU__5.wav,09e080503d32be252693a9221c4e5e37c2956d7688624952c828c4caca2e2717
5,4,6,-3nNcZdcdvU$_$5,视觉,7.867969,0.490000,7.230000,35,50,18,18,词,MFA,/Users/wangyiming/Desktop/E题/E题数据/附件1-数据集原始多模态样本/MOSEI数据集部分原始视频-100条/-3nNcZdcdvU/5.mp4,/Users/wangyiming/Desktop/E题/problem1/work/openface/-3nNcZdcdvU__5/5.csv,09e080503d32be252693a9221c4e5e37c2956d7688624952c828c4caca2e2717
6,5,7,-HwX2H8Z4hY$_$2,文本,3.982031,0.000000,3.420000,768,50,5,5,词,MFA,/Users/wangyiming/Desktop/E题/E题数据/附件1-数据集原始多模态样本/MOSEI数据集部分原始视频-100条/-HwX2H8Z4hY/2.mp4,/Users/wangyiming/Desktop/E题/problem1/work/mfa_corpus/-HwX2H8Z4hY__2.lab,292ed2ab938955c8dc16433cd87f24b64082591bedc16fa0a251a62f79497cca
6,5,7,-HwX2H8Z4hY$_$2,语音,3.982031,0.000000,3.420000,74,50,5,5,词,MFA,/Users/wangyiming/Desktop/E题/E题数据/附件1-数据集原始多模态样本/MOSEI数据集部分原始视频-100条/-HwX2H8Z4hY/2.mp4,/Users/wangyiming/Desktop/E题/problem1/work/mfa_corpus/-HwX2H8Z4hY__2.wav,292ed2ab938955c8dc16433cd87f24b64082591bedc16fa0a251a62f79497cca
6,5,7,-HwX2H8Z4hY$_$2,视觉,3.982031,0.000000,3.420000,35,50,5,2,词,MFA,/Users/wangyiming/Desktop/E题/E题数据/附件1-数据集原始多模态样本/MOSEI数据集部分原始视频-100条/-HwX2H8Z4hY/2.mp4,/Users/wangyiming/Desktop/E题/problem1/work/openface/-HwX2H8Z4hY__2/2.csv,292ed2ab938955c8dc16433cd87f24b64082591bedc16fa0a251a62f79497cca
7,6,8,-HwX2H8Z4hY$_$5,文本,5.652995,0.750000,5.100000,768,50,9,9,词,MFA,/Users/wangyiming/Desktop/E题/E题数据/附件1-数据集原始多模态样本/MOSEI数据集部分原始视频-100条/-HwX2H8Z4hY/5.mp4,/Users/wangyiming/Desktop/E题/problem1/work/mfa_corpus/-HwX2H8Z4hY__5.lab,9e7511c76eea0b33de8448d6fa6e2d98d9947e9bceefe7754be82bcbfac97d77
7,6,8,-HwX2H8Z4hY$_$5,语音,5.652995,0.750000,5.100000,74,50,9,9,词,MFA,/Users/wangyiming/Desktop/E题/E题数据/附件1-数据集原始多模态样本/MOSEI数据集部分原始视频-100条/-HwX2H8Z4hY/5.mp4,/Users/wangyiming/Desktop/E题/problem1/work/mfa_corpus/-HwX2H8Z4hY__5.wav,9e7511c76eea0b33de8448d6fa6e2d98d9947e9bceefe7754be82bcbfac97d77
7,6,8,-HwX2H8Z4hY$_$5,视觉,5.652995,0.750000,5.100000,35,50,9,2,词,MFA,/Users/wangyiming/Desktop/E题/E题数据/附件1-数据集原始多模态样本/MOSEI数据集部分原始视频-100条/-HwX2H8Z4hY/5.mp4,/Users/wangyiming/Desktop/E题/problem1/work/openface/-HwX2H8Z4hY__5/5.csv,9e7511c76eea0b33de8448d6fa6e2d98d9947e9bceefe7754be82bcbfac97d77
8,7,9,-HwX2H8Z4hY$_$6,文本,3.358008,0.540000,2.780000,768,50,7,7,词,MFA,/Users/wangyiming/Desktop/E题/E题数据/附件1-数据集原始多模态样本/MOSEI数据集部分原始视频-100条/-HwX2H8Z4hY/6.mp4,/Users/wangyiming/Desktop/E题/problem1/work/mfa_corpus/-HwX2H8Z4hY__6.lab,719ff7f555e8fb1dc3de8bb02f20d190ba2d66b868dcecb94cdb51209a115081
8,7,9,-HwX2H8Z4hY$_$6,语音,3.358008,0.540000,2.780000,74,50,7,7,词,MFA,/Users/wangyiming/Desktop/E题/E题数据/附件1-数据集原始多模态样本/MOSEI数据集部分原始视频-100条/-HwX2H8Z4hY/6.mp4,/Users/wangyiming/Desktop/E题/problem1/work/mfa_corpus/-HwX2H8Z4hY__6.wav,719ff7f555e8fb1dc3de8bb02f20d190ba2d66b868dcecb94cdb51209a115081
8,7,9,-HwX2H8Z4hY$_$6,视觉,3.358008,0.540000,2.780000,35,50,7,5,词,MFA,/Users/wangyiming/Desktop/E题/E题数据/附件1-数据集原始多模态样本/MOSEI数据集部分原始视频-100条/-HwX2H8Z4hY/6.mp4,/Users/wangyiming/Desktop/E题/problem1/work/openface/-HwX2H8Z4hY__6/6.csv,719ff7f555e8fb1dc3de8bb02f20d190ba2d66b868dcecb94cdb51209a115081
9,8,10,-HwX2H8Z4hY$_$9,文本,7.733984,0.510000,7.636312,768,50,22,22,词,MFA,/Users/wangyiming/Desktop/E题/E题数据/附件1-数据集原始多模态样本/MOSEI数据集部分原始视频-100条/-HwX2H8Z4hY/9.mp4,/Users/wangyiming/Desktop/E题/problem1/work/mfa_corpus/-HwX2H8Z4hY__9.lab,2344bdee2aec065d6ec774954ebd8aa5b5aa5ebac0f622cbfc940c71f2b7cb9c
9,8,10,-HwX2H8Z4hY$_$9,语音,7.733984,0.510000,7.636312,74,50,22,22,词,MFA,/Users/wangyiming/Desktop/E题/E题数据/附件1-数据集原始多模态样本/MOSEI数据集部分原始视频-100条/-HwX2H8Z4hY/9.mp4,/Users/wangyiming/Desktop/E题/problem1/work/mfa_corpus/-HwX2H8Z4hY__9.wav,2344bdee2aec065d6ec774954ebd8aa5b5aa5ebac0f622cbfc940c71f2b7cb9c
9,8,10,-HwX2H8Z4hY$_$9,视觉,7.733984,0.510000,7.636312,35,50,22,22,词,MFA,/Users/wangyiming/Desktop/E题/E题数据/附件1-数据集原始多模态样本/MOSEI数据集部分原始视频-100条/-HwX2H8Z4hY/9.mp4,/Users/wangyiming/Desktop/E题/problem1/work/openface/-HwX2H8Z4hY__9/9.csv,2344bdee2aec065d6ec774954ebd8aa5b5aa5ebac0f622cbfc940c71f2b7cb9c
10,9,11,-NFrJFQijFE$_$1,文本,5.746000,0.100000,5.658875,768,50,16,16,词,MFA,/Users/wangyiming/Desktop/E题/E题数据/附件1-数据集原始多模态样本/MOSEI数据集部分原始视频-100条/-NFrJFQijFE/1.mp4,/Users/wangyiming/Desktop/E题/problem1/work/mfa_corpus/-NFrJFQijFE__1.lab,4aff72afb1e047eadb378258f26de1da3dda15efc72b5673b30aeeb6addda9c5
10,9,11,-NFrJFQijFE$_$1,语音,5.746000,0.100000,5.658875,74,50,16,16,词,MFA,/Users/wangyiming/Desktop/E题/E题数据/附件1-数据集原始多模态样本/MOSEI数据集部分原始视频-100条/-NFrJFQijFE/1.mp4,/Users/wangyiming/Desktop/E题/problem1/work/mfa_corpus/-NFrJFQijFE__1.wav,4aff72afb1e047eadb378258f26de1da3dda15efc72b5673b30aeeb6addda9c5
10,9,11,-NFrJFQijFE$_$1,视觉,5.746000,0.100000,5.658875,35,50,16,0,词,MFA,/Users/wangyiming/Desktop/E题/E题数据/附件1-数据集原始多模态样本/MOSEI数据集部分原始视频-100条/-NFrJFQijFE/1.mp4,/Users/wangyiming/Desktop/E题/problem1/work/openface/-NFrJFQijFE__1/1.csv,4aff72afb1e047eadb378258f26de1da3dda15efc72b5673b30aeeb6addda9c5
11,10,12,-NFrJFQijFE$_$2,文本,6.856000,0.000000,6.698313,768,50,18,18,词,MFA,/Users/wangyiming/Desktop/E题/E题数据/附件1-数据集原始多模态样本/MOSEI数据集部分原始视频-100条/-NFrJFQijFE/2.mp4,/Users/wangyiming/Desktop/E题/problem1/work/mfa_corpus/-NFrJFQijFE__2.lab,122a5b39aab70d29b547cceb6f23c0ca430c1267aaa0aa9141cdf386a53b0231
11,10,12,-NFrJFQijFE$_$2,语音,6.856000,0.000000,6.698313,74,50,18,18,词,MFA,/Users/wangyiming/Desktop/E题/E题数据/附件1-数据集原始多模态样本/MOSEI数据集部分原始视频-100条/-NFrJFQijFE/2.mp4,/Users/wangyiming/Desktop/E题/problem1/work/mfa_corpus/-NFrJFQijFE__2.wav,122a5b39aab70d29b547cceb6f23c0ca430c1267aaa0aa9141cdf386a53b0231
11,10,12,-NFrJFQijFE$_$2,视觉,6.856000,0.000000,6.698313,35,50,18,0,词,MFA,/Users/wangyiming/Desktop/E题/E题数据/附件1-数据集原始多模态样本/MOSEI数据集部分原始视频-100条/-NFrJFQijFE/2.mp4,/Users/wangyiming/Desktop/E题/problem1/work/openface/-NFrJFQijFE__2/2.csv,122a5b39aab70d29b547cceb6f23c0ca430c1267aaa0aa9141cdf386a53b0231
12,11,13,-THoVjtIkeU$_$12,文本,14.896029,1.580000,14.290000,768,50,39,39,词,MFA,/Users/wangyiming/Desktop/E题/E题数据/附件1-数据集原始多模态样本/MOSEI数据集部分原始视频-100条/-THoVjtIkeU/12.mp4,/Users/wangyiming/Desktop/E题/problem1/work/mfa_corpus/-THoVjtIkeU__12.lab,2e1283b14141449e34794fd03ac57113c035d73521ebd391558a94635f947370
12,11,13,-THoVjtIkeU$_$12,语音,14.896029,1.580000,14.290000,74,50,39,39,词,MFA,/Users/wangyiming/Desktop/E题/E题数据/附件1-数据集原始多模态样本/MOSEI数据集部分原始视频-100条/-THoVjtIkeU/12.mp4,/Users/wangyiming/Desktop/E题/problem1/work/mfa_corpus/-THoVjtIkeU__12.wav,2e1283b14141449e34794fd03ac57113c035d73521ebd391558a94635f947370
12,11,13,-THoVjtIkeU$_$12,视觉,14.896029,1.580000,14.290000,35,50,39,39,词,MFA,/Users/wangyiming/Desktop/E题/E题数据/附件1-数据集原始多模态样本/MOSEI数据集部分原始视频-100条/-THoVjtIkeU/12.mp4,/Users/wangyiming/Desktop/E题/problem1/work/openface/-THoVjtIkeU__12/12.csv,2e1283b14141449e34794fd03ac57113c035d73521ebd391558a94635f947370
13,12,14,-THoVjtIkeU$_$2,文本,4.291992,0.030000,3.720000,768,50,10,10,词,MFA,/Users/wangyiming/Desktop/E题/E题数据/附件1-数据集原始多模态样本/MOSEI数据集部分原始视频-100条/-THoVjtIkeU/2.mp4,/Users/wangyiming/Desktop/E题/problem1/work/mfa_corpus/-THoVjtIkeU__2.lab,24a6012c3b7f66d7f3baa8da5879f660a3186566b272acaf507a72057a41d388
13,12,14,-THoVjtIkeU$_$2,语音,4.291992,0.030000,3.720000,74,50,10,10,词,MFA,/Users/wangyiming/Desktop/E题/E题数据/附件1-数据集原始多模态样本/MOSEI数据集部分原始视频-100条/-THoVjtIkeU/2.mp4,/Users/wangyiming/Desktop/E题/problem1/work/mfa_corpus/-THoVjtIkeU__2.wav,24a6012c3b7f66d7f3baa8da5879f660a3186566b272acaf507a72057a41d388
13,12,14,-THoVjtIkeU$_$2,视觉,4.291992,0.030000,3.720000,35,50,10,10,词,MFA,/Users/wangyiming/Desktop/E题/E题数据/附件1-数据集原始多模态样本/MOSEI数据集部分原始视频-100条/-THoVjtIkeU/2.mp4,/Users/wangyiming/Desktop/E题/problem1/work/openface/-THoVjtIkeU__2/2.csv,24a6012c3b7f66d7f3baa8da5879f660a3186566b272acaf507a72057a41d388
14,13,15,-THoVjtIkeU$_$6,文本,8.097005,0.480000,7.600000,768,50,30,30,词,MFA,/Users/wangyiming/Desktop/E题/E题数据/附件1-数据集原始多模态样本/MOSEI数据集部分原始视频-100条/-THoVjtIkeU/6.mp4,/Users/wangyiming/Desktop/E题/problem1/work/mfa_corpus/-THoVjtIkeU__6.lab,17501e693a5fab5028b57dba0346ee145886685592f5a83bf2d75d38d404943a
14,13,15,-THoVjtIkeU$_$6,语音,8.097005,0.480000,7.600000,74,50,30,30,词,MFA,/Users/wangyiming/Desktop/E题/E题数据/附件1-数据集原始多模态样本/MOSEI数据集部分原始视频-100条/-THoVjtIkeU/6.mp4,/Users/wangyiming/Desktop/E题/problem1/work/mfa_corpus/-THoVjtIkeU__6.wav,17501e693a5fab5028b57dba0346ee145886685592f5a83bf2d75d38d404943a
14,13,15,-THoVjtIkeU$_$6,视觉,8.097005,0.480000,7.600000,35,50,30,30,词,MFA,/Users/wangyiming/Desktop/E题/E题数据/附件1-数据集原始多模态样本/MOSEI数据集部分原始视频-100条/-THoVjtIkeU/6.mp4,/Users/wangyiming/Desktop/E题/problem1/work/openface/-THoVjtIkeU__6/6.csv,17501e693a5fab5028b57dba0346ee145886685592f5a83bf2d75d38d404943a
15,14,16,-UuX1xuaiiE$_$1,文本,10.350000,0.000000,9.780000,768,50,27,27,词,MFA,/Users/wangyiming/Desktop/E题/E题数据/附件1-数据集原始多模态样本/MOSEI数据集部分原始视频-100条/-UuX1xuaiiE/1.mp4,/Users/wangyiming/Desktop/E题/problem1/work/mfa_corpus/-UuX1xuaiiE__1.lab,051baca1f2977c1022fcd61d21fe7eaab1ab17317f8b3b0f0bb7e106d1f346b8
15,14,16,-UuX1xuaiiE$_$1,语音,10.350000,0.000000,9.780000,74,50,27,27,词,MFA,/Users/wangyiming/Desktop/E题/E题数据/附件1-数据集原始多模态样本/MOSEI数据集部分原始视频-100条/-UuX1xuaiiE/1.mp4,/Users/wangyiming/Desktop/E题/problem1/work/mfa_corpus/-UuX1xuaiiE__1.wav,051baca1f2977c1022fcd61d21fe7eaab1ab17317f8b3b0f0bb7e106d1f346b8
15,14,16,-UuX1xuaiiE$_$1,视觉,10.350000,0.000000,9.780000,35,50,27,27,词,MFA,/Users/wangyiming/Desktop/E题/E题数据/附件1-数据集原始多模态样本/MOSEI数据集部分原始视频-100条/-UuX1xuaiiE/1.mp4,/Users/wangyiming/Desktop/E题/problem1/work/openface/-UuX1xuaiiE__1/1.csv,051baca1f2977c1022fcd61d21fe7eaab1ab17317f8b3b0f0bb7e106d1f346b8
16,15,17,-UuX1xuaiiE$_$0,文本,3.633333,0.000000,3.360000,768,50,9,9,词,MFA,/Users/wangyiming/Desktop/E题/E题数据/附件1-数据集原始多模态样本/MOSEI数据集部分原始视频-100条/-UuX1xuaiiE/0.mp4,/Users/wangyiming/Desktop/E题/problem1/work/mfa_corpus/-UuX1xuaiiE__0.lab,c780392328d8d0b11e78e81401a36bcc6146d895f2ceece6d14ae2cdda23ec91
16,15,17,-UuX1xuaiiE$_$0,语音,3.633333,0.000000,3.360000,74,50,9,9,词,MFA,/Users/wangyiming/Desktop/E题/E题数据/附件1-数据集原始多模态样本/MOSEI数据集部分原始视频-100条/-UuX1xuaiiE/0.mp4,/Users/wangyiming/Desktop/E题/problem1/work/mfa_corpus/-UuX1xuaiiE__0.wav,c780392328d8d0b11e78e81401a36bcc6146d895f2ceece6d14ae2cdda23ec91
16,15,17,-UuX1xuaiiE$_$0,视觉,3.633333,0.000000,3.360000,35,50,9,9,词,MFA,/Users/wangyiming/Desktop/E题/E题数据/附件1-数据集原始多模态样本/MOSEI数据集部分原始视频-100条/-UuX1xuaiiE/0.mp4,/Users/wangyiming/Desktop/E题/problem1/work/openface/-UuX1xuaiiE__0/0.csv,c780392328d8d0b11e78e81401a36bcc6146d895f2ceece6d14ae2cdda23ec91
17,16,18,-UuX1xuaiiE$_$3,文本,4.130013,0.000000,3.690000,768,50,9,9,词,MFA,/Users/wangyiming/Desktop/E题/E题数据/附件1-数据集原始多模态样本/MOSEI数据集部分原始视频-100条/-UuX1xuaiiE/3.mp4,/Users/wangyiming/Desktop/E题/problem1/work/mfa_corpus/-UuX1xuaiiE__3.lab,2af908d6ab3482e9f6f7f786ff076b3ca629b5d89624ae2fb4753cfd097084a0
17,16,18,-UuX1xuaiiE$_$3,语音,4.130013,0.000000,3.690000,74,50,9,9,词,MFA,/Users/wangyiming/Desktop/E题/E题数据/附件1-数据集原始多模态样本/MOSEI数据集部分原始视频-100条/-UuX1xuaiiE/3.mp4,/Users/wangyiming/Desktop/E题/problem1/work/mfa_corpus/-UuX1xuaiiE__3.wav,2af908d6ab3482e9f6f7f786ff076b3ca629b5d89624ae2fb4753cfd097084a0
17,16,18,-UuX1xuaiiE$_$3,视觉,4.130013,0.000000,3.690000,35,50,9,9,词,MFA,/Users/wangyiming/Desktop/E题/E题数据/附件1-数据集原始多模态样本/MOSEI数据集部分原始视频-100条/-UuX1xuaiiE/3.mp4,/Users/wangyiming/Desktop/E题/problem1/work/openface/-UuX1xuaiiE__3/3.csv,2af908d6ab3482e9f6f7f786ff076b3ca629b5d89624ae2fb4753cfd097084a0
18,17,19,-UuX1xuaiiE$_$6,文本,8.113997,0.540000,7.420000,768,50,22,22,词,MFA,/Users/wangyiming/Desktop/E题/E题数据/附件1-数据集原始多模态样本/MOSEI数据集部分原始视频-100条/-UuX1xuaiiE/6.mp4,/Users/wangyiming/Desktop/E题/problem1/work/mfa_corpus/-UuX1xuaiiE__6.lab,266647a7721207f4c732dcef45ee33a1cacc408d0820dda19ed9642d8e4dab33
18,17,19,-UuX1xuaiiE$_$6,语音,8.113997,0.540000,7.420000,74,50,22,22,词,MFA,/Users/wangyiming/Desktop/E题/E题数据/附件1-数据集原始多模态样本/MOSEI数据集部分原始视频-100条/-UuX1xuaiiE/6.mp4,/Users/wangyiming/Desktop/E题/problem1/work/mfa_corpus/-UuX1xuaiiE__6.wav,266647a7721207f4c732dcef45ee33a1cacc408d0820dda19ed9642d8e4dab33
18,17,19,-UuX1xuaiiE$_$6,视觉,8.113997,0.540000,7.420000,35,50,22,22,词,MFA,/Users/wangyiming/Desktop/E题/E题数据/附件1-数据集原始多模态样本/MOSEI数据集部分原始视频-100条/-UuX1xuaiiE/6.mp4,/Users/wangyiming/Desktop/E题/problem1/work/openface/-UuX1xuaiiE__6/6.csv,266647a7721207f4c732dcef45ee33a1cacc408d0820dda19ed9642d8e4dab33
19,18,20,-a55Q6RWvTA$_$3,文本,22.153971,0.520000,21.610001,768,50,50,50,连续词组,MFA,/Users/wangyiming/Desktop/E题/E题数据/附件1-数据集原始多模态样本/MOSEI数据集部分原始视频-100条/-a55Q6RWvTA/3.mp4,/Users/wangyiming/Desktop/E题/problem1/work/mfa_corpus/-a55Q6RWvTA__3.lab,d9e8342edc2805890511a2f643210b12924ad2777778caab3c1948249b2a7853
19,18,20,-a55Q6RWvTA$_$3,语音,22.153971,0.520000,21.610001,74,50,50,50,连续词组,MFA,/Users/wangyiming/Desktop/E题/E题数据/附件1-数据集原始多模态样本/MOSEI数据集部分原始视频-100条/-a55Q6RWvTA/3.mp4,/Users/wangyiming/Desktop/E题/problem1/work/mfa_corpus/-a55Q6RWvTA__3.wav,d9e8342edc2805890511a2f643210b12924ad2777778caab3c1948249b2a7853
19,18,20,-a55Q6RWvTA$_$3,视觉,22.153971,0.520000,21.610001,35,50,50,50,连续词组,MFA,/Users/wangyiming/Desktop/E题/E题数据/附件1-数据集原始多模态样本/MOSEI数据集部分原始视频-100条/-a55Q6RWvTA/3.mp4,/Users/wangyiming/Desktop/E题/problem1/work/openface/-a55Q6RWvTA__3/3.csv,d9e8342edc2805890511a2f643210b12924ad2777778caab3c1948249b2a7853
20,19,21,-aNfi7CP8vM$_$7,文本,8.694987,0.500000,8.000000,768,50,18,18,词,MFA,/Users/wangyiming/Desktop/E题/E题数据/附件1-数据集原始多模态样本/MOSEI数据集部分原始视频-100条/-aNfi7CP8vM/7.mp4,/Users/wangyiming/Desktop/E题/problem1/work/mfa_corpus/-aNfi7CP8vM__7.lab,8cdb7878206c4265d5bca21efcf46bcdee88fc2225d35c744b721e89d5f4bc3a
20,19,21,-aNfi7CP8vM$_$7,语音,8.694987,0.500000,8.000000,74,50,18,18,词,MFA,/Users/wangyiming/Desktop/E题/E题数据/附件1-数据集原始多模态样本/MOSEI数据集部分原始视频-100条/-aNfi7CP8vM/7.mp4,/Users/wangyiming/Desktop/E题/problem1/work/mfa_corpus/-aNfi7CP8vM__7.wav,8cdb7878206c4265d5bca21efcf46bcdee88fc2225d35c744b721e89d5f4bc3a
20,19,21,-aNfi7CP8vM$_$7,视觉,8.694987,0.500000,8.000000,35,50,18,18,词,MFA,/Users/wangyiming/Desktop/E题/E题数据/附件1-数据集原始多模态样本/MOSEI数据集部分原始视频-100条/-aNfi7CP8vM/7.mp4,/Users/wangyiming/Desktop/E题/problem1/work/openface/-aNfi7CP8vM__7/7.csv,8cdb7878206c4265d5bca21efcf46bcdee88fc2225d35c744b721e89d5f4bc3a
21,20,22,-aqamKhZ1Ec$_$0,文本,10.966667,0.040000,10.380000,768,50,14,14,词,MFA,/Users/wangyiming/Desktop/E题/E题数据/附件1-数据集原始多模态样本/MOSEI数据集部分原始视频-100条/-aqamKhZ1Ec/0.mp4,/Users/wangyiming/Desktop/E题/problem1/work/mfa_corpus/-aqamKhZ1Ec__0.lab,1bad14d4e19ed1950477b4d89b8344e7206071d395b31ae7eb2ae9d5f4165ad8
21,20,22,-aqamKhZ1Ec$_$0,语音,10.966667,0.040000,10.380000,74,50,14,14,词,MFA,/Users/wangyiming/Desktop/E题/E题数据/附件1-数据集原始多模态样本/MOSEI数据集部分原始视频-100条/-aqamKhZ1Ec/0.mp4,/Users/wangyiming/Desktop/E题/problem1/work/mfa_corpus/-aqamKhZ1Ec__0.wav,1bad14d4e19ed1950477b4d89b8344e7206071d395b31ae7eb2ae9d5f4165ad8
21,20,22,-aqamKhZ1Ec$_$0,视觉,10.966667,0.040000,10.380000,35,50,14,14,词,MFA,/Users/wangyiming/Desktop/E题/E题数据/附件1-数据集原始多模态样本/MOSEI数据集部分原始视频-100条/-aqamKhZ1Ec/0.mp4,/Users/wangyiming/Desktop/E题/problem1/work/openface/-aqamKhZ1Ec__0/0.csv,1bad14d4e19ed1950477b4d89b8344e7206071d395b31ae7eb2ae9d5f4165ad8
22,21,23,-dxfTGcXJoc$_$1,文本,16.161003,0.490000,15.520000,768,50,36,36,词,MFA,/Users/wangyiming/Desktop/E题/E题数据/附件1-数据集原始多模态样本/MOSEI数据集部分原始视频-100条/-dxfTGcXJoc/1.mp4,/Users/wangyiming/Desktop/E题/problem1/work/mfa_corpus/-dxfTGcXJoc__1.lab,e62a969359ed73349b7755ee750ea84d21a843d75def27d99729fa9fb5e21292
22,21,23,-dxfTGcXJoc$_$1,语音,16.161003,0.490000,15.520000,74,50,36,36,词,MFA,/Users/wangyiming/Desktop/E题/E题数据/附件1-数据集原始多模态样本/MOSEI数据集部分原始视频-100条/-dxfTGcXJoc/1.mp4,/Users/wangyiming/Desktop/E题/problem1/work/mfa_corpus/-dxfTGcXJoc__1.wav,e62a969359ed73349b7755ee750ea84d21a843d75def27d99729fa9fb5e21292
22,21,23,-dxfTGcXJoc$_$1,视觉,16.161003,0.490000,15.520000,35,50,36,36,词,MFA,/Users/wangyiming/Desktop/E题/E题数据/附件1-数据集原始多模态样本/MOSEI数据集部分原始视频-100条/-dxfTGcXJoc/1.mp4,/Users/wangyiming/Desktop/E题/problem1/work/openface/-dxfTGcXJoc__1/1.csv,e62a969359ed73349b7755ee750ea84d21a843d75def27d99729fa9fb5e21292
23,22,24,-dxfTGcXJoc$_$0,文本,20.500000,0.560000,19.889999,768,50,42,42,词,MFA,/Users/wangyiming/Desktop/E题/E题数据/附件1-数据集原始多模态样本/MOSEI数据集部分原始视频-100条/-dxfTGcXJoc/0.mp4,/Users/wangyiming/Desktop/E题/problem1/work/mfa_corpus/-dxfTGcXJoc__0.lab,1dd47a81ad1a4a3d6d6eada51329950d51ce2ef5da4130557545bdb33a8688b8
23,22,24,-dxfTGcXJoc$_$0,语音,20.500000,0.560000,19.889999,74,50,42,42,词,MFA,/Users/wangyiming/Desktop/E题/E题数据/附件1-数据集原始多模态样本/MOSEI数据集部分原始视频-100条/-dxfTGcXJoc/0.mp4,/Users/wangyiming/Desktop/E题/problem1/work/mfa_corpus/-dxfTGcXJoc__0.wav,1dd47a81ad1a4a3d6d6eada51329950d51ce2ef5da4130557545bdb33a8688b8
23,22,24,-dxfTGcXJoc$_$0,视觉,20.500000,0.560000,19.889999,35,50,42,34,词,MFA,/Users/wangyiming/Desktop/E题/E题数据/附件1-数据集原始多模态样本/MOSEI数据集部分原始视频-100条/-dxfTGcXJoc/0.mp4,/Users/wangyiming/Desktop/E题/problem1/work/openface/-dxfTGcXJoc__0/0.csv,1dd47a81ad1a4a3d6d6eada51329950d51ce2ef5da4130557545bdb33a8688b8
24,23,25,-dxfTGcXJoc$_$2,文本,16.697982,0.510000,16.110001,768,50,35,35,词,MFA,/Users/wangyiming/Desktop/E题/E题数据/附件1-数据集原始多模态样本/MOSEI数据集部分原始视频-100条/-dxfTGcXJoc/2.mp4,/Users/wangyiming/Desktop/E题/problem1/work/mfa_corpus/-dxfTGcXJoc__2.lab,1df6242e03fe92a384bc8a810c704bf59152d54d35e136bc09a7b39c9f6ebe62
24,23,25,-dxfTGcXJoc$_$2,语音,16.697982,0.510000,16.110001,74,50,35,35,词,MFA,/Users/wangyiming/Desktop/E题/E题数据/附件1-数据集原始多模态样本/MOSEI数据集部分原始视频-100条/-dxfTGcXJoc/2.mp4,/Users/wangyiming/Desktop/E题/problem1/work/mfa_corpus/-dxfTGcXJoc__2.wav,1df6242e03fe92a384bc8a810c704bf59152d54d35e136bc09a7b39c9f6ebe62
24,23,25,-dxfTGcXJoc$_$2,视觉,16.697982,0.510000,16.110001,35,50,35,35,词,MFA,/Users/wangyiming/Desktop/E题/E题数据/附件1-数据集原始多模态样本/MOSEI数据集部分原始视频-100条/-dxfTGcXJoc/2.mp4,/Users/wangyiming/Desktop/E题/problem1/work/openface/-dxfTGcXJoc__2/2.csv,1df6242e03fe92a384bc8a810c704bf59152d54d35e136bc09a7b39c9f6ebe62
25,24,26,-dxfTGcXJoc$_$6,文本,12.735026,0.410000,12.120000,768,50,28,28,词,MFA,/Users/wangyiming/Desktop/E题/E题数据/附件1-数据集原始多模态样本/MOSEI数据集部分原始视频-100条/-dxfTGcXJoc/6.mp4,/Users/wangyiming/Desktop/E题/problem1/work/mfa_corpus/-dxfTGcXJoc__6.lab,571a81b1642726a93e45b197895931aaffcfc5a3f07b70f2f259a5068f734f09
25,24,26,-dxfTGcXJoc$_$6,语音,12.735026,0.410000,12.120000,74,50,28,28,词,MFA,/Users/wangyiming/Desktop/E题/E题数据/附件1-数据集原始多模态样本/MOSEI数据集部分原始视频-100条/-dxfTGcXJoc/6.mp4,/Users/wangyiming/Desktop/E题/problem1/work/mfa_corpus/-dxfTGcXJoc__6.wav,571a81b1642726a93e45b197895931aaffcfc5a3f07b70f2f259a5068f734f09
25,24,26,-dxfTGcXJoc$_$6,视觉,12.735026,0.410000,12.120000,35,50,28,28,词,MFA,/Users/wangyiming/Desktop/E题/E题数据/附件1-数据集原始多模态样本/MOSEI数据集部分原始视频-100条/-dxfTGcXJoc/6.mp4,/Users/wangyiming/Desktop/E题/problem1/work/openface/-dxfTGcXJoc__6/6.csv,571a81b1642726a93e45b197895931aaffcfc5a3f07b70f2f259a5068f734f09
26,25,27,-egA8-b7-3M$_$26,文本,6.030990,0.510000,5.380000,768,50,15,15,词,MFA,/Users/wangyiming/Desktop/E题/E题数据/附件1-数据集原始多模态样本/MOSEI数据集部分原始视频-100条/-egA8-b7-3M/26.mp4,/Users/wangyiming/Desktop/E题/problem1/work/mfa_corpus/-egA8-b7-3M__26.lab,1bf433251b225d71ff89cb0a84ff6f02ba2e53d67b0ea814458f7a09daff2a6d
26,25,27,-egA8-b7-3M$_$26,语音,6.030990,0.510000,5.380000,74,50,15,15,词,MFA,/Users/wangyiming/Desktop/E题/E题数据/附件1-数据集原始多模态样本/MOSEI数据集部分原始视频-100条/-egA8-b7-3M/26.mp4,/Users/wangyiming/Desktop/E题/problem1/work/mfa_corpus/-egA8-b7-3M__26.wav,1bf433251b225d71ff89cb0a84ff6f02ba2e53d67b0ea814458f7a09daff2a6d
26,25,27,-egA8-b7-3M$_$26,视觉,6.030990,0.510000,5.380000,35,50,15,15,词,MFA,/Users/wangyiming/Desktop/E题/E题数据/附件1-数据集原始多模态样本/MOSEI数据集部分原始视频-100条/-egA8-b7-3M/26.mp4,/Users/wangyiming/Desktop/E题/problem1/work/openface/-egA8-b7-3M__26/26.csv,1bf433251b225d71ff89cb0a84ff6f02ba2e53d67b0ea814458f7a09daff2a6d
27,26,28,-egA8-b7-3M$_$17,文本,7.271029,0.510000,6.580000,768,50,16,16,词,MFA,/Users/wangyiming/Desktop/E题/E题数据/附件1-数据集原始多模态样本/MOSEI数据集部分原始视频-100条/-egA8-b7-3M/17.mp4,/Users/wangyiming/Desktop/E题/problem1/work/mfa_corpus/-egA8-b7-3M__17.lab,fffe03caa3658c2ed5bf90a0b0b2da088a3a9d736735b1daada2681f925614b8
27,26,28,-egA8-b7-3M$_$17,语音,7.271029,0.510000,6.580000,74,50,16,16,词,MFA,/Users/wangyiming/Desktop/E题/E题数据/附件1-数据集原始多模态样本/MOSEI数据集部分原始视频-100条/-egA8-b7-3M/17.mp4,/Users/wangyiming/Desktop/E题/problem1/work/mfa_corpus/-egA8-b7-3M__17.wav,fffe03caa3658c2ed5bf90a0b0b2da088a3a9d736735b1daada2681f925614b8
27,26,28,-egA8-b7-3M$_$17,视觉,7.271029,0.510000,6.580000,35,50,16,16,词,MFA,/Users/wangyiming/Desktop/E题/E题数据/附件1-数据集原始多模态样本/MOSEI数据集部分原始视频-100条/-egA8-b7-3M/17.mp4,/Users/wangyiming/Desktop/E题/problem1/work/openface/-egA8-b7-3M__17/17.csv,fffe03caa3658c2ed5bf90a0b0b2da088a3a9d736735b1daada2681f925614b8
28,27,29,-egA8-b7-3M$_$18,文本,8.386003,0.510000,7.810000,768,50,22,22,词,MFA,/Users/wangyiming/Desktop/E题/E题数据/附件1-数据集原始多模态样本/MOSEI数据集部分原始视频-100条/-egA8-b7-3M/18.mp4,/Users/wangyiming/Desktop/E题/problem1/work/mfa_corpus/-egA8-b7-3M__18.lab,79644c96bab5be44cca2debd40c26b131b1b82afcc35c3f46c25263710a94316
28,27,29,-egA8-b7-3M$_$18,语音,8.386003,0.510000,7.810000,74,50,22,22,词,MFA,/Users/wangyiming/Desktop/E题/E题数据/附件1-数据集原始多模态样本/MOSEI数据集部分原始视频-100条/-egA8-b7-3M/18.mp4,/Users/wangyiming/Desktop/E题/problem1/work/mfa_corpus/-egA8-b7-3M__18.wav,79644c96bab5be44cca2debd40c26b131b1b82afcc35c3f46c25263710a94316
28,27,29,-egA8-b7-3M$_$18,视觉,8.386003,0.510000,7.810000,35,50,22,22,词,MFA,/Users/wangyiming/Desktop/E题/E题数据/附件1-数据集原始多模态样本/MOSEI数据集部分原始视频-100条/-egA8-b7-3M/18.mp4,/Users/wangyiming/Desktop/E题/problem1/work/openface/-egA8-b7-3M__18/18.csv,79644c96bab5be44cca2debd40c26b131b1b82afcc35c3f46c25263710a94316
29,28,30,-egA8-b7-3M$_$16,文本,5.538021,0.370000,5.010000,768,50,11,11,词,MFA,/Users/wangyiming/Desktop/E题/E题数据/附件1-数据集原始多模态样本/MOSEI数据集部分原始视频-100条/-egA8-b7-3M/16.mp4,/Users/wangyiming/Desktop/E题/problem1/work/mfa_corpus/-egA8-b7-3M__16.lab,652575f5c35f2204ec7a26abcb3b49c360b2f0b394942259f8a6d4a48822b330
29,28,30,-egA8-b7-3M$_$16,语音,5.538021,0.370000,5.010000,74,50,11,11,词,MFA,/Users/wangyiming/Desktop/E题/E题数据/附件1-数据集原始多模态样本/MOSEI数据集部分原始视频-100条/-egA8-b7-3M/16.mp4,/Users/wangyiming/Desktop/E题/problem1/work/mfa_corpus/-egA8-b7-3M__16.wav,652575f5c35f2204ec7a26abcb3b49c360b2f0b394942259f8a6d4a48822b330
29,28,30,-egA8-b7-3M$_$16,视觉,5.538021,0.370000,5.010000,35,50,11,11,词,MFA,/Users/wangyiming/Desktop/E题/E题数据/附件1-数据集原始多模态样本/MOSEI数据集部分原始视频-100条/-egA8-b7-3M/16.mp4,/Users/wangyiming/Desktop/E题/problem1/work/openface/-egA8-b7-3M__16/16.csv,652575f5c35f2204ec7a26abcb3b49c360b2f0b394942259f8a6d4a48822b330
30,29,31,-egA8-b7-3M$_$13,文本,4.183984,0.510000,3.560000,768,50,11,11,词,MFA,/Users/wangyiming/Desktop/E题/E题数据/附件1-数据集原始多模态样本/MOSEI数据集部分原始视频-100条/-egA8-b7-3M/13.mp4,/Users/wangyiming/Desktop/E题/problem1/work/mfa_corpus/-egA8-b7-3M__13.lab,c8316a7106987dcbe662b38f8bdb157b28822c1ea15cf50cb63a9366df4318ee
30,29,31,-egA8-b7-3M$_$13,语音,4.183984,0.510000,3.560000,74,50,11,11,词,MFA,/Users/wangyiming/Desktop/E题/E题数据/附件1-数据集原始多模态样本/MOSEI数据集部分原始视频-100条/-egA8-b7-3M/13.mp4,/Users/wangyiming/Desktop/E题/problem1/work/mfa_corpus/-egA8-b7-3M__13.wav,c8316a7106987dcbe662b38f8bdb157b28822c1ea15cf50cb63a9366df4318ee
30,29,31,-egA8-b7-3M$_$13,视觉,4.183984,0.510000,3.560000,35,50,11,11,词,MFA,/Users/wangyiming/Desktop/E题/E题数据/附件1-数据集原始多模态样本/MOSEI数据集部分原始视频-100条/-egA8-b7-3M/13.mp4,/Users/wangyiming/Desktop/E题/problem1/work/openface/-egA8-b7-3M__13/13.csv,c8316a7106987dcbe662b38f8bdb157b28822c1ea15cf50cb63a9366df4318ee
31,30,32,-egA8-b7-3M$_$1,文本,10.266016,0.000000,9.710000,768,50,20,20,词,MFA,/Users/wangyiming/Desktop/E题/E题数据/附件1-数据集原始多模态样本/MOSEI数据集部分原始视频-100条/-egA8-b7-3M/1.mp4,/Users/wangyiming/Desktop/E题/problem1/work/mfa_corpus/-egA8-b7-3M__1.lab,a82ac5a6b8923c88b861266b8152d3201e7683bde91625904eca0c768bd90d23
31,30,32,-egA8-b7-3M$_$1,语音,10.266016,0.000000,9.710000,74,50,20,20,词,MFA,/Users/wangyiming/Desktop/E题/E题数据/附件1-数据集原始多模态样本/MOSEI数据集部分原始视频-100条/-egA8-b7-3M/1.mp4,/Users/wangyiming/Desktop/E题/problem1/work/mfa_corpus/-egA8-b7-3M__1.wav,a82ac5a6b8923c88b861266b8152d3201e7683bde91625904eca0c768bd90d23
31,30,32,-egA8-b7-3M$_$1,视觉,10.266016,0.000000,9.710000,35,50,20,20,词,MFA,/Users/wangyiming/Desktop/E题/E题数据/附件1-数据集原始多模态样本/MOSEI数据集部分原始视频-100条/-egA8-b7-3M/1.mp4,/Users/wangyiming/Desktop/E题/problem1/work/openface/-egA8-b7-3M__1/1.csv,a82ac5a6b8923c88b861266b8152d3201e7683bde91625904eca0c768bd90d23
32,31,33,-egA8-b7-3M$_$6,文本,6.264974,0.480000,5.650000,768,50,12,12,词,MFA,/Users/wangyiming/Desktop/E题/E题数据/附件1-数据集原始多模态样本/MOSEI数据集部分原始视频-100条/-egA8-b7-3M/6.mp4,/Users/wangyiming/Desktop/E题/problem1/work/mfa_corpus/-egA8-b7-3M__6.lab,916df021ee34c89e0c9f029916ff4d3bfbfacbe154159c9ab3963dc418f65f3a
32,31,33,-egA8-b7-3M$_$6,语音,6.264974,0.480000,5.650000,74,50,12,12,词,MFA,/Users/wangyiming/Desktop/E题/E题数据/附件1-数据集原始多模态样本/MOSEI数据集部分原始视频-100条/-egA8-b7-3M/6.mp4,/Users/wangyiming/Desktop/E题/problem1/work/mfa_corpus/-egA8-b7-3M__6.wav,916df021ee34c89e0c9f029916ff4d3bfbfacbe154159c9ab3963dc418f65f3a
32,31,33,-egA8-b7-3M$_$6,视觉,6.264974,0.480000,5.650000,35,50,12,12,词,MFA,/Users/wangyiming/Desktop/E题/E题数据/附件1-数据集原始多模态样本/MOSEI数据集部分原始视频-100条/-egA8-b7-3M/6.mp4,/Users/wangyiming/Desktop/E题/problem1/work/openface/-egA8-b7-3M__6/6.csv,916df021ee34c89e0c9f029916ff4d3bfbfacbe154159c9ab3963dc418f65f3a
33,32,34,-egA8-b7-3M$_$9,文本,5.089974,0.450000,4.440000,768,50,10,10,词,MFA,/Users/wangyiming/Desktop/E题/E题数据/附件1-数据集原始多模态样本/MOSEI数据集部分原始视频-100条/-egA8-b7-3M/9.mp4,/Users/wangyiming/Desktop/E题/problem1/work/mfa_corpus/-egA8-b7-3M__9.lab,550427fdd76537ffe09bb02ed511d364ee1420d0f1b445d7b31884800726a1bc
33,32,34,-egA8-b7-3M$_$9,语音,5.089974,0.450000,4.440000,74,50,10,10,词,MFA,/Users/wangyiming/Desktop/E题/E题数据/附件1-数据集原始多模态样本/MOSEI数据集部分原始视频-100条/-egA8-b7-3M/9.mp4,/Users/wangyiming/Desktop/E题/problem1/work/mfa_corpus/-egA8-b7-3M__9.wav,550427fdd76537ffe09bb02ed511d364ee1420d0f1b445d7b31884800726a1bc
33,32,34,-egA8-b7-3M$_$9,视觉,5.089974,0.450000,4.440000,35,50,10,10,词,MFA,/Users/wangyiming/Desktop/E题/E题数据/附件1-数据集原始多模态样本/MOSEI数据集部分原始视频-100条/-egA8-b7-3M/9.mp4,/Users/wangyiming/Desktop/E题/problem1/work/openface/-egA8-b7-3M__9/9.csv,550427fdd76537ffe09bb02ed511d364ee1420d0f1b445d7b31884800726a1bc
34,33,35,-egA8-b7-3M$_$20,文本,6.644987,0.490000,5.970000,768,50,20,20,词,MFA,/Users/wangyiming/Desktop/E题/E题数据/附件1-数据集原始多模态样本/MOSEI数据集部分原始视频-100条/-egA8-b7-3M/20.mp4,/Users/wangyiming/Desktop/E题/problem1/work/mfa_corpus/-egA8-b7-3M__20.lab,5b4f7da88a22e5f3aee2f5843b658806be8e0c2427db28d0b1495a56b42b0a3b
34,33,35,-egA8-b7-3M$_$20,语音,6.644987,0.490000,5.970000,74,50,20,20,词,MFA,/Users/wangyiming/Desktop/E题/E题数据/附件1-数据集原始多模态样本/MOSEI数据集部分原始视频-100条/-egA8-b7-3M/20.mp4,/Users/wangyiming/Desktop/E题/problem1/work/mfa_corpus/-egA8-b7-3M__20.wav,5b4f7da88a22e5f3aee2f5843b658806be8e0c2427db28d0b1495a56b42b0a3b
34,33,35,-egA8-b7-3M$_$20,视觉,6.644987,0.490000,5.970000,35,50,20,20,词,MFA,/Users/wangyiming/Desktop/E题/E题数据/附件1-数据集原始多模态样本/MOSEI数据集部分原始视频-100条/-egA8-b7-3M/20.mp4,/Users/wangyiming/Desktop/E题/problem1/work/openface/-egA8-b7-3M__20/20.csv,5b4f7da88a22e5f3aee2f5843b658806be8e0c2427db28d0b1495a56b42b0a3b
35,34,36,-iRBcNs9oI8$_$3,文本,5.621000,0.570000,5.440000,768,50,8,8,词,MFA,/Users/wangyiming/Desktop/E题/E题数据/附件1-数据集原始多模态样本/MOSEI数据集部分原始视频-100条/-iRBcNs9oI8/3.mp4,/Users/wangyiming/Desktop/E题/problem1/work/mfa_corpus/-iRBcNs9oI8__3.lab,a5198d3440abbe132764da3137cc77c0e2464545bdc86fa9f374bfd98a50f875
35,34,36,-iRBcNs9oI8$_$3,语音,5.621000,0.570000,5.440000,74,50,8,8,词,MFA,/Users/wangyiming/Desktop/E题/E题数据/附件1-数据集原始多模态样本/MOSEI数据集部分原始视频-100条/-iRBcNs9oI8/3.mp4,/Users/wangyiming/Desktop/E题/problem1/work/mfa_corpus/-iRBcNs9oI8__3.wav,a5198d3440abbe132764da3137cc77c0e2464545bdc86fa9f374bfd98a50f875
35,34,36,-iRBcNs9oI8$_$3,视觉,5.621000,0.570000,5.440000,35,50,8,8,词,MFA,/Users/wangyiming/Desktop/E题/E题数据/附件1-数据集原始多模态样本/MOSEI数据集部分原始视频-100条/-iRBcNs9oI8/3.mp4,/Users/wangyiming/Desktop/E题/problem1/work/openface/-iRBcNs9oI8__3/3.csv,a5198d3440abbe132764da3137cc77c0e2464545bdc86fa9f374bfd98a50f875
36,35,37,-iRBcNs9oI8$_$7,文本,4.104000,0.000000,3.980000,768,50,9,9,词,MFA,/Users/wangyiming/Desktop/E题/E题数据/附件1-数据集原始多模态样本/MOSEI数据集部分原始视频-100条/-iRBcNs9oI8/7.mp4,/Users/wangyiming/Desktop/E题/problem1/work/mfa_corpus/-iRBcNs9oI8__7.lab,6c6bc0f590a7bf0b347bab7f7c63529464ac2b3294036c21e0bbec1da8a66e19
36,35,37,-iRBcNs9oI8$_$7,语音,4.104000,0.000000,3.980000,74,50,9,9,词,MFA,/Users/wangyiming/Desktop/E题/E题数据/附件1-数据集原始多模态样本/MOSEI数据集部分原始视频-100条/-iRBcNs9oI8/7.mp4,/Users/wangyiming/Desktop/E题/problem1/work/mfa_corpus/-iRBcNs9oI8__7.wav,6c6bc0f590a7bf0b347bab7f7c63529464ac2b3294036c21e0bbec1da8a66e19
36,35,37,-iRBcNs9oI8$_$7,视觉,4.104000,0.000000,3.980000,35,50,9,9,词,MFA,/Users/wangyiming/Desktop/E题/E题数据/附件1-数据集原始多模态样本/MOSEI数据集部分原始视频-100条/-iRBcNs9oI8/7.mp4,/Users/wangyiming/Desktop/E题/problem1/work/openface/-iRBcNs9oI8__7/7.csv,6c6bc0f590a7bf0b347bab7f7c63529464ac2b3294036c21e0bbec1da8a66e19
37,36,38,-iRBcNs9oI8$_$6,文本,2.903000,0.000000,2.170000,768,50,5,5,词,MFA,/Users/wangyiming/Desktop/E题/E题数据/附件1-数据集原始多模态样本/MOSEI数据集部分原始视频-100条/-iRBcNs9oI8/6.mp4,/Users/wangyiming/Desktop/E题/problem1/work/mfa_corpus/-iRBcNs9oI8__6.lab,1b4be378e0ad136fdde95a3806b91cf68e8ccc546ec7305cac7cd4268f81f8c4
37,36,38,-iRBcNs9oI8$_$6,语音,2.903000,0.000000,2.170000,74,50,5,5,词,MFA,/Users/wangyiming/Desktop/E题/E题数据/附件1-数据集原始多模态样本/MOSEI数据集部分原始视频-100条/-iRBcNs9oI8/6.mp4,/Users/wangyiming/Desktop/E题/problem1/work/mfa_corpus/-iRBcNs9oI8__6.wav,1b4be378e0ad136fdde95a3806b91cf68e8ccc546ec7305cac7cd4268f81f8c4
37,36,38,-iRBcNs9oI8$_$6,视觉,2.903000,0.000000,2.170000,35,50,5,5,词,MFA,/Users/wangyiming/Desktop/E题/E题数据/附件1-数据集原始多模态样本/MOSEI数据集部分原始视频-100条/-iRBcNs9oI8/6.mp4,/Users/wangyiming/Desktop/E题/problem1/work/openface/-iRBcNs9oI8__6/6.csv,1b4be378e0ad136fdde95a3806b91cf68e8ccc546ec7305cac7cd4268f81f8c4
38,37,39,-iRBcNs9oI8$_$9,文本,3.416000,1.280000,2.820000,768,50,5,5,词,MFA,/Users/wangyiming/Desktop/E题/E题数据/附件1-数据集原始多模态样本/MOSEI数据集部分原始视频-100条/-iRBcNs9oI8/9.mp4,/Users/wangyiming/Desktop/E题/problem1/work/mfa_corpus/-iRBcNs9oI8__9.lab,d75d4318359e7163dab01702675b3d3fe13762d1ee198a980ad52665e53195cf
38,37,39,-iRBcNs9oI8$_$9,语音,3.416000,1.280000,2.820000,74,50,5,5,词,MFA,/Users/wangyiming/Desktop/E题/E题数据/附件1-数据集原始多模态样本/MOSEI数据集部分原始视频-100条/-iRBcNs9oI8/9.mp4,/Users/wangyiming/Desktop/E题/problem1/work/mfa_corpus/-iRBcNs9oI8__9.wav,d75d4318359e7163dab01702675b3d3fe13762d1ee198a980ad52665e53195cf
38,37,39,-iRBcNs9oI8$_$9,视觉,3.416000,1.280000,2.820000,35,50,5,5,词,MFA,/Users/wangyiming/Desktop/E题/E题数据/附件1-数据集原始多模态样本/MOSEI数据集部分原始视频-100条/-iRBcNs9oI8/9.mp4,/Users/wangyiming/Desktop/E题/problem1/work/openface/-iRBcNs9oI8__9/9.csv,d75d4318359e7163dab01702675b3d3fe13762d1ee198a980ad52665e53195cf
39,38,40,-iRBcNs9oI8$_$8,文本,8.093000,0.000000,8.026063,768,50,21,21,词,MFA,/Users/wangyiming/Desktop/E题/E题数据/附件1-数据集原始多模态样本/MOSEI数据集部分原始视频-100条/-iRBcNs9oI8/8.mp4,/Users/wangyiming/Desktop/E题/problem1/work/mfa_corpus/-iRBcNs9oI8__8.lab,81d43aa4b78601ce9a647ae26b339db0359ee62901973082bb8a88f35e77cfca
39,38,40,-iRBcNs9oI8$_$8,语音,8.093000,0.000000,8.026063,74,50,21,21,词,MFA,/Users/wangyiming/Desktop/E题/E题数据/附件1-数据集原始多模态样本/MOSEI数据集部分原始视频-100条/-iRBcNs9oI8/8.mp4,/Users/wangyiming/Desktop/E题/problem1/work/mfa_corpus/-iRBcNs9oI8__8.wav,81d43aa4b78601ce9a647ae26b339db0359ee62901973082bb8a88f35e77cfca
39,38,40,-iRBcNs9oI8$_$8,视觉,8.093000,0.000000,8.026063,35,50,21,21,词,MFA,/Users/wangyiming/Desktop/E题/E题数据/附件1-数据集原始多模态样本/MOSEI数据集部分原始视频-100条/-iRBcNs9oI8/8.mp4,/Users/wangyiming/Desktop/E题/problem1/work/openface/-iRBcNs9oI8__8/8.csv,81d43aa4b78601ce9a647ae26b339db0359ee62901973082bb8a88f35e77cfca
40,39,41,-lzEya4AM_4$_$5,文本,7.675000,0.480000,7.170000,768,50,19,19,词,MFA,/Users/wangyiming/Desktop/E题/E题数据/附件1-数据集原始多模态样本/MOSEI数据集部分原始视频-100条/-lzEya4AM_4/5.mp4,/Users/wangyiming/Desktop/E题/problem1/work/mfa_corpus/-lzEya4AM_4__5.lab,8c22e6e46e98690bd9572c106562aa5af433e805b57aa9d94feb119ddb460648
40,39,41,-lzEya4AM_4$_$5,语音,7.675000,0.480000,7.170000,74,50,19,19,词,MFA,/Users/wangyiming/Desktop/E题/E题数据/附件1-数据集原始多模态样本/MOSEI数据集部分原始视频-100条/-lzEya4AM_4/5.mp4,/Users/wangyiming/Desktop/E题/problem1/work/mfa_corpus/-lzEya4AM_4__5.wav,8c22e6e46e98690bd9572c106562aa5af433e805b57aa9d94feb119ddb460648
40,39,41,-lzEya4AM_4$_$5,视觉,7.675000,0.480000,7.170000,35,50,19,19,词,MFA,/Users/wangyiming/Desktop/E题/E题数据/附件1-数据集原始多模态样本/MOSEI数据集部分原始视频-100条/-lzEya4AM_4/5.mp4,/Users/wangyiming/Desktop/E题/problem1/work/openface/-lzEya4AM_4__5/5.csv,8c22e6e46e98690bd9572c106562aa5af433e805b57aa9d94feb119ddb460648
41,40,42,-lzEya4AM_4$_$6,文本,14.791992,0.520000,14.310000,768,50,43,43,词,MFA,/Users/wangyiming/Desktop/E题/E题数据/附件1-数据集原始多模态样本/MOSEI数据集部分原始视频-100条/-lzEya4AM_4/6.mp4,/Users/wangyiming/Desktop/E题/problem1/work/mfa_corpus/-lzEya4AM_4__6.lab,d743a438b97886ab6528a129561bd49b7b7f06fe6721d72a892bc58841e4a2cb
41,40,42,-lzEya4AM_4$_$6,语音,14.791992,0.520000,14.310000,74,50,43,43,词,MFA,/Users/wangyiming/Desktop/E题/E题数据/附件1-数据集原始多模态样本/MOSEI数据集部分原始视频-100条/-lzEya4AM_4/6.mp4,/Users/wangyiming/Desktop/E题/problem1/work/mfa_corpus/-lzEya4AM_4__6.wav,d743a438b97886ab6528a129561bd49b7b7f06fe6721d72a892bc58841e4a2cb
41,40,42,-lzEya4AM_4$_$6,视觉,14.791992,0.520000,14.310000,35,50,43,43,词,MFA,/Users/wangyiming/Desktop/E题/E题数据/附件1-数据集原始多模态样本/MOSEI数据集部分原始视频-100条/-lzEya4AM_4/6.mp4,/Users/wangyiming/Desktop/E题/problem1/work/openface/-lzEya4AM_4__6/6.csv,d743a438b97886ab6528a129561bd49b7b7f06fe6721d72a892bc58841e4a2cb
42,41,43,-mJ2ud6oKI8$_$1,文本,6.103000,0.000000,2.710000,768,50,13,13,词,MFA,/Users/wangyiming/Desktop/E题/E题数据/附件1-数据集原始多模态样本/MOSEI数据集部分原始视频-100条/-mJ2ud6oKI8/1.mp4,/Users/wangyiming/Desktop/E题/problem1/work/mfa_corpus/-mJ2ud6oKI8__1.lab,369ac49775ac1ba0143e0f9b086ef76209d5748ad72c29105bc0f4a7c63f5934
42,41,43,-mJ2ud6oKI8$_$1,语音,6.103000,0.000000,2.710000,74,50,13,0,词,MFA,/Users/wangyiming/Desktop/E题/E题数据/附件1-数据集原始多模态样本/MOSEI数据集部分原始视频-100条/-mJ2ud6oKI8/1.mp4,/Users/wangyiming/Desktop/E题/problem1/work/mfa_corpus/-mJ2ud6oKI8__1.wav,369ac49775ac1ba0143e0f9b086ef76209d5748ad72c29105bc0f4a7c63f5934
42,41,43,-mJ2ud6oKI8$_$1,视觉,6.103000,0.000000,2.710000,35,50,13,0,词,MFA,/Users/wangyiming/Desktop/E题/E题数据/附件1-数据集原始多模态样本/MOSEI数据集部分原始视频-100条/-mJ2ud6oKI8/1.mp4,/Users/wangyiming/Desktop/E题/problem1/work/openface/-mJ2ud6oKI8__1/1.csv,369ac49775ac1ba0143e0f9b086ef76209d5748ad72c29105bc0f4a7c63f5934
43,42,44,-mJ2ud6oKI8$_$2,文本,5.731000,0.000000,5.731000,768,50,11,11,词,静音回退,/Users/wangyiming/Desktop/E题/E题数据/附件1-数据集原始多模态样本/MOSEI数据集部分原始视频-100条/-mJ2ud6oKI8/2.mp4,/Users/wangyiming/Desktop/E题/problem1/work/mfa_corpus/-mJ2ud6oKI8__2.lab,38c8f350ef5f1ecb2b27bccd75459f81c370e78cd228e695aa6da9bc99857a6b
43,42,44,-mJ2ud6oKI8$_$2,语音,5.731000,0.000000,5.731000,74,50,11,0,词,静音回退,/Users/wangyiming/Desktop/E题/E题数据/附件1-数据集原始多模态样本/MOSEI数据集部分原始视频-100条/-mJ2ud6oKI8/2.mp4,/Users/wangyiming/Desktop/E题/problem1/work/mfa_corpus/-mJ2ud6oKI8__2.wav,38c8f350ef5f1ecb2b27bccd75459f81c370e78cd228e695aa6da9bc99857a6b
43,42,44,-mJ2ud6oKI8$_$2,视觉,5.731000,0.000000,5.731000,35,50,11,7,词,静音回退,/Users/wangyiming/Desktop/E题/E题数据/附件1-数据集原始多模态样本/MOSEI数据集部分原始视频-100条/-mJ2ud6oKI8/2.mp4,/Users/wangyiming/Desktop/E题/problem1/work/openface/-mJ2ud6oKI8__2/2.csv,38c8f350ef5f1ecb2b27bccd75459f81c370e78cd228e695aa6da9bc99857a6b
44,43,45,-mJ2ud6oKI8$_$6,文本,2.257000,0.000000,2.200000,768,50,5,5,词,MFA,/Users/wangyiming/Desktop/E题/E题数据/附件1-数据集原始多模态样本/MOSEI数据集部分原始视频-100条/-mJ2ud6oKI8/6.mp4,/Users/wangyiming/Desktop/E题/problem1/work/mfa_corpus/-mJ2ud6oKI8__6.lab,fc0b3a891b5ef2e82a6220f6729eafd46f3ee0c1a9172d1ff494ce25a7dfd326
44,43,45,-mJ2ud6oKI8$_$6,语音,2.257000,0.000000,2.200000,74,50,5,5,词,MFA,/Users/wangyiming/Desktop/E题/E题数据/附件1-数据集原始多模态样本/MOSEI数据集部分原始视频-100条/-mJ2ud6oKI8/6.mp4,/Users/wangyiming/Desktop/E题/problem1/work/mfa_corpus/-mJ2ud6oKI8__6.wav,fc0b3a891b5ef2e82a6220f6729eafd46f3ee0c1a9172d1ff494ce25a7dfd326
44,43,45,-mJ2ud6oKI8$_$6,视觉,2.257000,0.000000,2.200000,35,50,5,5,词,MFA,/Users/wangyiming/Desktop/E题/E题数据/附件1-数据集原始多模态样本/MOSEI数据集部分原始视频-100条/-mJ2ud6oKI8/6.mp4,/Users/wangyiming/Desktop/E题/problem1/work/openface/-mJ2ud6oKI8__6/6.csv,fc0b3a891b5ef2e82a6220f6729eafd46f3ee0c1a9172d1ff494ce25a7dfd326
45,44,46,-mJ2ud6oKI8$_$9,文本,7.033000,0.000000,6.908750,768,50,22,22,词,MFA,/Users/wangyiming/Desktop/E题/E题数据/附件1-数据集原始多模态样本/MOSEI数据集部分原始视频-100条/-mJ2ud6oKI8/9.mp4,/Users/wangyiming/Desktop/E题/problem1/work/mfa_corpus/-mJ2ud6oKI8__9.lab,f5b3630f9f8bebd61fafd069524875d313cc24a80bb31338409445ae81cf5c21
45,44,46,-mJ2ud6oKI8$_$9,语音,7.033000,0.000000,6.908750,74,50,22,22,词,MFA,/Users/wangyiming/Desktop/E题/E题数据/附件1-数据集原始多模态样本/MOSEI数据集部分原始视频-100条/-mJ2ud6oKI8/9.mp4,/Users/wangyiming/Desktop/E题/problem1/work/mfa_corpus/-mJ2ud6oKI8__9.wav,f5b3630f9f8bebd61fafd069524875d313cc24a80bb31338409445ae81cf5c21
45,44,46,-mJ2ud6oKI8$_$9,视觉,7.033000,0.000000,6.908750,35,50,22,22,词,MFA,/Users/wangyiming/Desktop/E题/E题数据/附件1-数据集原始多模态样本/MOSEI数据集部分原始视频-100条/-mJ2ud6oKI8/9.mp4,/Users/wangyiming/Desktop/E题/problem1/work/openface/-mJ2ud6oKI8__9/9.csv,f5b3630f9f8bebd61fafd069524875d313cc24a80bb31338409445ae81cf5c21
46,45,47,-mJ2ud6oKI8$_$8,文本,4.192000,0.770000,3.960000,768,50,11,11,词,MFA,/Users/wangyiming/Desktop/E题/E题数据/附件1-数据集原始多模态样本/MOSEI数据集部分原始视频-100条/-mJ2ud6oKI8/8.mp4,/Users/wangyiming/Desktop/E题/problem1/work/mfa_corpus/-mJ2ud6oKI8__8.lab,8aed8a72d7350e500b2c82cc11849fc1f701ca44c24b22ea3a4a044c20262327
46,45,47,-mJ2ud6oKI8$_$8,语音,4.192000,0.770000,3.960000,74,50,11,11,词,MFA,/Users/wangyiming/Desktop/E题/E题数据/附件1-数据集原始多模态样本/MOSEI数据集部分原始视频-100条/-mJ2ud6oKI8/8.mp4,/Users/wangyiming/Desktop/E题/problem1/work/mfa_corpus/-mJ2ud6oKI8__8.wav,8aed8a72d7350e500b2c82cc11849fc1f701ca44c24b22ea3a4a044c20262327
46,45,47,-mJ2ud6oKI8$_$8,视觉,4.192000,0.770000,3.960000,35,50,11,11,词,MFA,/Users/wangyiming/Desktop/E题/E题数据/附件1-数据集原始多模态样本/MOSEI数据集部分原始视频-100条/-mJ2ud6oKI8/8.mp4,/Users/wangyiming/Desktop/E题/problem1/work/openface/-mJ2ud6oKI8__8/8.csv,8aed8a72d7350e500b2c82cc11849fc1f701ca44c24b22ea3a4a044c20262327
47,46,48,-mqbVkbCndg$_$0,文本,6.466667,0.050000,5.970000,768,50,14,14,词,MFA,/Users/wangyiming/Desktop/E题/E题数据/附件1-数据集原始多模态样本/MOSEI数据集部分原始视频-100条/-mqbVkbCndg/0.mp4,/Users/wangyiming/Desktop/E题/problem1/work/mfa_corpus/-mqbVkbCndg__0.lab,03e97e2ef3a8ae4f66ef96c2fa49baa20bd0f24403d64d7af47ec1359ae8a8a6
47,46,48,-mqbVkbCndg$_$0,语音,6.466667,0.050000,5.970000,74,50,14,14,词,MFA,/Users/wangyiming/Desktop/E题/E题数据/附件1-数据集原始多模态样本/MOSEI数据集部分原始视频-100条/-mqbVkbCndg/0.mp4,/Users/wangyiming/Desktop/E题/problem1/work/mfa_corpus/-mqbVkbCndg__0.wav,03e97e2ef3a8ae4f66ef96c2fa49baa20bd0f24403d64d7af47ec1359ae8a8a6
47,46,48,-mqbVkbCndg$_$0,视觉,6.466667,0.050000,5.970000,35,50,14,14,词,MFA,/Users/wangyiming/Desktop/E题/E题数据/附件1-数据集原始多模态样本/MOSEI数据集部分原始视频-100条/-mqbVkbCndg/0.mp4,/Users/wangyiming/Desktop/E题/problem1/work/openface/-mqbVkbCndg__0/0.csv,03e97e2ef3a8ae4f66ef96c2fa49baa20bd0f24403d64d7af47ec1359ae8a8a6
48,47,49,-t217m2on-s$_$2,文本,5.686003,0.510000,5.050000,768,50,12,12,词,MFA,/Users/wangyiming/Desktop/E题/E题数据/附件1-数据集原始多模态样本/MOSEI数据集部分原始视频-100条/-t217m2on-s/2.mp4,/Users/wangyiming/Desktop/E题/problem1/work/mfa_corpus/-t217m2on-s__2.lab,318a1a3e95b65f973f3156f876150302f48defbc9a6986ad795caf7b7d9546f0
48,47,49,-t217m2on-s$_$2,语音,5.686003,0.510000,5.050000,74,50,12,12,词,MFA,/Users/wangyiming/Desktop/E题/E题数据/附件1-数据集原始多模态样本/MOSEI数据集部分原始视频-100条/-t217m2on-s/2.mp4,/Users/wangyiming/Desktop/E题/problem1/work/mfa_corpus/-t217m2on-s__2.wav,318a1a3e95b65f973f3156f876150302f48defbc9a6986ad795caf7b7d9546f0
48,47,49,-t217m2on-s$_$2,视觉,5.686003,0.510000,5.050000,35,50,12,12,词,MFA,/Users/wangyiming/Desktop/E题/E题数据/附件1-数据集原始多模态样本/MOSEI数据集部分原始视频-100条/-t217m2on-s/2.mp4,/Users/wangyiming/Desktop/E题/problem1/work/openface/-t217m2on-s__2/2.csv,318a1a3e95b65f973f3156f876150302f48defbc9a6986ad795caf7b7d9546f0
49,48,50,-t217m2on-s$_$7,文本,17.183008,0.520000,16.480000,768,50,45,45,词,MFA,/Users/wangyiming/Desktop/E题/E题数据/附件1-数据集原始多模态样本/MOSEI数据集部分原始视频-100条/-t217m2on-s/7.mp4,/Users/wangyiming/Desktop/E题/problem1/work/mfa_corpus/-t217m2on-s__7.lab,ab17ad8e5a2db7406d857d50a8d507a09291fe3cfb91b6240031e207f58688ef
49,48,50,-t217m2on-s$_$7,语音,17.183008,0.520000,16.480000,74,50,45,45,词,MFA,/Users/wangyiming/Desktop/E题/E题数据/附件1-数据集原始多模态样本/MOSEI数据集部分原始视频-100条/-t217m2on-s/7.mp4,/Users/wangyiming/Desktop/E题/problem1/work/mfa_corpus/-t217m2on-s__7.wav,ab17ad8e5a2db7406d857d50a8d507a09291fe3cfb91b6240031e207f58688ef
49,48,50,-t217m2on-s$_$7,视觉,17.183008,0.520000,16.480000,35,50,45,45,词,MFA,/Users/wangyiming/Desktop/E题/E题数据/附件1-数据集原始多模态样本/MOSEI数据集部分原始视频-100条/-t217m2on-s/7.mp4,/Users/wangyiming/Desktop/E题/problem1/work/openface/-t217m2on-s__7/7.csv,ab17ad8e5a2db7406d857d50a8d507a09291fe3cfb91b6240031e207f58688ef
50,49,51,-tANM6ETl_M$_$3,文本,6.758008,0.510000,6.090000,768,50,22,22,词,MFA,/Users/wangyiming/Desktop/E题/E题数据/附件1-数据集原始多模态样本/MOSEI数据集部分原始视频-100条/-tANM6ETl_M/3.mp4,/Users/wangyiming/Desktop/E题/problem1/work/mfa_corpus/-tANM6ETl_M__3.lab,e67ac2e953177b418605fa16901a956ba184029a3729bc5d4156e133d9411b75
50,49,51,-tANM6ETl_M$_$3,语音,6.758008,0.510000,6.090000,74,50,22,22,词,MFA,/Users/wangyiming/Desktop/E题/E题数据/附件1-数据集原始多模态样本/MOSEI数据集部分原始视频-100条/-tANM6ETl_M/3.mp4,/Users/wangyiming/Desktop/E题/problem1/work/mfa_corpus/-tANM6ETl_M__3.wav,e67ac2e953177b418605fa16901a956ba184029a3729bc5d4156e133d9411b75
50,49,51,-tANM6ETl_M$_$3,视觉,6.758008,0.510000,6.090000,35,50,22,22,词,MFA,/Users/wangyiming/Desktop/E题/E题数据/附件1-数据集原始多模态样本/MOSEI数据集部分原始视频-100条/-tANM6ETl_M/3.mp4,/Users/wangyiming/Desktop/E题/problem1/work/openface/-tANM6ETl_M__3/3.csv,e67ac2e953177b418605fa16901a956ba184029a3729bc5d4156e133d9411b75
51,50,52,-tPCytz4rww$_$11,文本,5.466992,0.000000,5.310000,768,50,17,17,词,MFA,/Users/wangyiming/Desktop/E题/E题数据/附件1-数据集原始多模态样本/MOSEI数据集部分原始视频-100条/-tPCytz4rww/11.mp4,/Users/wangyiming/Desktop/E题/problem1/work/mfa_corpus/-tPCytz4rww__11.lab,5088df41a81d97fe5ddcba706820776b2a06100cd348aaf6e1ae6e2994853314
51,50,52,-tPCytz4rww$_$11,语音,5.466992,0.000000,5.310000,74,50,17,17,词,MFA,/Users/wangyiming/Desktop/E题/E题数据/附件1-数据集原始多模态样本/MOSEI数据集部分原始视频-100条/-tPCytz4rww/11.mp4,/Users/wangyiming/Desktop/E题/problem1/work/mfa_corpus/-tPCytz4rww__11.wav,5088df41a81d97fe5ddcba706820776b2a06100cd348aaf6e1ae6e2994853314
51,50,52,-tPCytz4rww$_$11,视觉,5.466992,0.000000,5.310000,35,50,17,17,词,MFA,/Users/wangyiming/Desktop/E题/E题数据/附件1-数据集原始多模态样本/MOSEI数据集部分原始视频-100条/-tPCytz4rww/11.mp4,/Users/wangyiming/Desktop/E题/problem1/work/openface/-tPCytz4rww__11/11.csv,5088df41a81d97fe5ddcba706820776b2a06100cd348aaf6e1ae6e2994853314
52,51,53,-tPCytz4rww$_$10,文本,4.788997,0.500000,4.150000,768,50,12,12,词,MFA,/Users/wangyiming/Desktop/E题/E题数据/附件1-数据集原始多模态样本/MOSEI数据集部分原始视频-100条/-tPCytz4rww/10.mp4,/Users/wangyiming/Desktop/E题/problem1/work/mfa_corpus/-tPCytz4rww__10.lab,d5ee1f95552aad4ca6f8b37f4234917c5153e81c300f0b7438d3f38cd3be9180
52,51,53,-tPCytz4rww$_$10,语音,4.788997,0.500000,4.150000,74,50,12,12,词,MFA,/Users/wangyiming/Desktop/E题/E题数据/附件1-数据集原始多模态样本/MOSEI数据集部分原始视频-100条/-tPCytz4rww/10.mp4,/Users/wangyiming/Desktop/E题/problem1/work/mfa_corpus/-tPCytz4rww__10.wav,d5ee1f95552aad4ca6f8b37f4234917c5153e81c300f0b7438d3f38cd3be9180
52,51,53,-tPCytz4rww$_$10,视觉,4.788997,0.500000,4.150000,35,50,12,12,词,MFA,/Users/wangyiming/Desktop/E题/E题数据/附件1-数据集原始多模态样本/MOSEI数据集部分原始视频-100条/-tPCytz4rww/10.mp4,/Users/wangyiming/Desktop/E题/problem1/work/openface/-tPCytz4rww__10/10.csv,d5ee1f95552aad4ca6f8b37f4234917c5153e81c300f0b7438d3f38cd3be9180
53,52,54,-tPCytz4rww$_$12,文本,11.863997,0.330000,11.200000,768,50,26,26,词,MFA,/Users/wangyiming/Desktop/E题/E题数据/附件1-数据集原始多模态样本/MOSEI数据集部分原始视频-100条/-tPCytz4rww/12.mp4,/Users/wangyiming/Desktop/E题/problem1/work/mfa_corpus/-tPCytz4rww__12.lab,ca4d6ef64e055ea55478862ecff417bda8b856bc0cfe7f4b0581baa86567bf99
53,52,54,-tPCytz4rww$_$12,语音,11.863997,0.330000,11.200000,74,50,26,26,词,MFA,/Users/wangyiming/Desktop/E题/E题数据/附件1-数据集原始多模态样本/MOSEI数据集部分原始视频-100条/-tPCytz4rww/12.mp4,/Users/wangyiming/Desktop/E题/problem1/work/mfa_corpus/-tPCytz4rww__12.wav,ca4d6ef64e055ea55478862ecff417bda8b856bc0cfe7f4b0581baa86567bf99
53,52,54,-tPCytz4rww$_$12,视觉,11.863997,0.330000,11.200000,35,50,26,26,词,MFA,/Users/wangyiming/Desktop/E题/E题数据/附件1-数据集原始多模态样本/MOSEI数据集部分原始视频-100条/-tPCytz4rww/12.mp4,/Users/wangyiming/Desktop/E题/problem1/work/openface/-tPCytz4rww__12/12.csv,ca4d6ef64e055ea55478862ecff417bda8b856bc0cfe7f4b0581baa86567bf99
54,53,55,-tPCytz4rww$_$16,文本,7.205990,0.500000,6.580000,768,50,16,16,词,MFA,/Users/wangyiming/Desktop/E题/E题数据/附件1-数据集原始多模态样本/MOSEI数据集部分原始视频-100条/-tPCytz4rww/16.mp4,/Users/wangyiming/Desktop/E题/problem1/work/mfa_corpus/-tPCytz4rww__16.lab,563282a8d904fb0d992dbc5b6fab9b80a73dc21dddb003227dfd1b0ae66687eb
54,53,55,-tPCytz4rww$_$16,语音,7.205990,0.500000,6.580000,74,50,16,16,词,MFA,/Users/wangyiming/Desktop/E题/E题数据/附件1-数据集原始多模态样本/MOSEI数据集部分原始视频-100条/-tPCytz4rww/16.mp4,/Users/wangyiming/Desktop/E题/problem1/work/mfa_corpus/-tPCytz4rww__16.wav,563282a8d904fb0d992dbc5b6fab9b80a73dc21dddb003227dfd1b0ae66687eb
54,53,55,-tPCytz4rww$_$16,视觉,7.205990,0.500000,6.580000,35,50,16,16,词,MFA,/Users/wangyiming/Desktop/E题/E题数据/附件1-数据集原始多模态样本/MOSEI数据集部分原始视频-100条/-tPCytz4rww/16.mp4,/Users/wangyiming/Desktop/E题/problem1/work/openface/-tPCytz4rww__16/16.csv,563282a8d904fb0d992dbc5b6fab9b80a73dc21dddb003227dfd1b0ae66687eb
55,54,56,-tPCytz4rww$_$18,文本,6.644987,0.510000,6.000000,768,50,16,16,词,MFA,/Users/wangyiming/Desktop/E题/E题数据/附件1-数据集原始多模态样本/MOSEI数据集部分原始视频-100条/-tPCytz4rww/18.mp4,/Users/wangyiming/Desktop/E题/problem1/work/mfa_corpus/-tPCytz4rww__18.lab,4ad5fb8cf38858b1d1172e7be1ee54887c57e21e15c082e2c5809a9c63a3caf1
55,54,56,-tPCytz4rww$_$18,语音,6.644987,0.510000,6.000000,74,50,16,16,词,MFA,/Users/wangyiming/Desktop/E题/E题数据/附件1-数据集原始多模态样本/MOSEI数据集部分原始视频-100条/-tPCytz4rww/18.mp4,/Users/wangyiming/Desktop/E题/problem1/work/mfa_corpus/-tPCytz4rww__18.wav,4ad5fb8cf38858b1d1172e7be1ee54887c57e21e15c082e2c5809a9c63a3caf1
55,54,56,-tPCytz4rww$_$18,视觉,6.644987,0.510000,6.000000,35,50,16,16,词,MFA,/Users/wangyiming/Desktop/E题/E题数据/附件1-数据集原始多模态样本/MOSEI数据集部分原始视频-100条/-tPCytz4rww/18.mp4,/Users/wangyiming/Desktop/E题/problem1/work/openface/-tPCytz4rww__18/18.csv,4ad5fb8cf38858b1d1172e7be1ee54887c57e21e15c082e2c5809a9c63a3caf1
56,55,57,-vxjVxOeScU$_$4,文本,9.127018,0.000000,8.930000,768,50,21,21,词,MFA,/Users/wangyiming/Desktop/E题/E题数据/附件1-数据集原始多模态样本/MOSEI数据集部分原始视频-100条/-vxjVxOeScU/4.mp4,/Users/wangyiming/Desktop/E题/problem1/work/mfa_corpus/-vxjVxOeScU__4.lab,175fe8fb07386ccce14bf9711f5aaf6fc2382b95b2b68f635c52be672f19251b
56,55,57,-vxjVxOeScU$_$4,语音,9.127018,0.000000,8.930000,74,50,21,21,词,MFA,/Users/wangyiming/Desktop/E题/E题数据/附件1-数据集原始多模态样本/MOSEI数据集部分原始视频-100条/-vxjVxOeScU/4.mp4,/Users/wangyiming/Desktop/E题/problem1/work/mfa_corpus/-vxjVxOeScU__4.wav,175fe8fb07386ccce14bf9711f5aaf6fc2382b95b2b68f635c52be672f19251b
56,55,57,-vxjVxOeScU$_$4,视觉,9.127018,0.000000,8.930000,35,50,21,21,词,MFA,/Users/wangyiming/Desktop/E题/E题数据/附件1-数据集原始多模态样本/MOSEI数据集部分原始视频-100条/-vxjVxOeScU/4.mp4,/Users/wangyiming/Desktop/E题/problem1/work/openface/-vxjVxOeScU__4/4.csv,175fe8fb07386ccce14bf9711f5aaf6fc2382b95b2b68f635c52be672f19251b
57,56,58,-wMB_hJL-3o$_$7,文本,6.044010,0.500000,5.440000,768,50,22,22,词,MFA,/Users/wangyiming/Desktop/E题/E题数据/附件1-数据集原始多模态样本/MOSEI数据集部分原始视频-100条/-wMB_hJL-3o/7.mp4,/Users/wangyiming/Desktop/E题/problem1/work/mfa_corpus/-wMB_hJL-3o__7.lab,657c53a322c88665d2a00612d6df9011932dd5136d9a9e83e1a6ab848e16d5cb
57,56,58,-wMB_hJL-3o$_$7,语音,6.044010,0.500000,5.440000,74,50,22,22,词,MFA,/Users/wangyiming/Desktop/E题/E题数据/附件1-数据集原始多模态样本/MOSEI数据集部分原始视频-100条/-wMB_hJL-3o/7.mp4,/Users/wangyiming/Desktop/E题/problem1/work/mfa_corpus/-wMB_hJL-3o__7.wav,657c53a322c88665d2a00612d6df9011932dd5136d9a9e83e1a6ab848e16d5cb
57,56,58,-wMB_hJL-3o$_$7,视觉,6.044010,0.500000,5.440000,35,50,22,22,词,MFA,/Users/wangyiming/Desktop/E题/E题数据/附件1-数据集原始多模态样本/MOSEI数据集部分原始视频-100条/-wMB_hJL-3o/7.mp4,/Users/wangyiming/Desktop/E题/problem1/work/openface/-wMB_hJL-3o__7/7.csv,657c53a322c88665d2a00612d6df9011932dd5136d9a9e83e1a6ab848e16d5cb
58,57,59,-wny0OAz3g8$_$1,文本,6.844010,0.240000,6.300000,768,50,22,22,词,MFA,/Users/wangyiming/Desktop/E题/E题数据/附件1-数据集原始多模态样本/MOSEI数据集部分原始视频-100条/-wny0OAz3g8/1.mp4,/Users/wangyiming/Desktop/E题/problem1/work/mfa_corpus/-wny0OAz3g8__1.lab,72f8e688630db0440554a8a58d987fe4f2e3a8bafbbd0a54f81be3d28248f657
58,57,59,-wny0OAz3g8$_$1,语音,6.844010,0.240000,6.300000,74,50,22,22,词,MFA,/Users/wangyiming/Desktop/E题/E题数据/附件1-数据集原始多模态样本/MOSEI数据集部分原始视频-100条/-wny0OAz3g8/1.mp4,/Users/wangyiming/Desktop/E题/problem1/work/mfa_corpus/-wny0OAz3g8__1.wav,72f8e688630db0440554a8a58d987fe4f2e3a8bafbbd0a54f81be3d28248f657
58,57,59,-wny0OAz3g8$_$1,视觉,6.844010,0.240000,6.300000,35,50,22,22,词,MFA,/Users/wangyiming/Desktop/E题/E题数据/附件1-数据集原始多模态样本/MOSEI数据集部分原始视频-100条/-wny0OAz3g8/1.mp4,/Users/wangyiming/Desktop/E题/problem1/work/openface/-wny0OAz3g8__1/1.csv,72f8e688630db0440554a8a58d987fe4f2e3a8bafbbd0a54f81be3d28248f657
59,58,60,-wny0OAz3g8$_$0,文本,3.333333,0.280000,2.990000,768,50,9,9,词,MFA,/Users/wangyiming/Desktop/E题/E题数据/附件1-数据集原始多模态样本/MOSEI数据集部分原始视频-100条/-wny0OAz3g8/0.mp4,/Users/wangyiming/Desktop/E题/problem1/work/mfa_corpus/-wny0OAz3g8__0.lab,4a8a3346a7d50a0485d83471d9c27d4f184317dfa217738fcc53b283bed3432a
59,58,60,-wny0OAz3g8$_$0,语音,3.333333,0.280000,2.990000,74,50,9,9,词,MFA,/Users/wangyiming/Desktop/E题/E题数据/附件1-数据集原始多模态样本/MOSEI数据集部分原始视频-100条/-wny0OAz3g8/0.mp4,/Users/wangyiming/Desktop/E题/problem1/work/mfa_corpus/-wny0OAz3g8__0.wav,4a8a3346a7d50a0485d83471d9c27d4f184317dfa217738fcc53b283bed3432a
59,58,60,-wny0OAz3g8$_$0,视觉,3.333333,0.280000,2.990000,35,50,9,9,词,MFA,/Users/wangyiming/Desktop/E题/E题数据/附件1-数据集原始多模态样本/MOSEI数据集部分原始视频-100条/-wny0OAz3g8/0.mp4,/Users/wangyiming/Desktop/E题/problem1/work/openface/-wny0OAz3g8__0/0.csv,4a8a3346a7d50a0485d83471d9c27d4f184317dfa217738fcc53b283bed3432a
60,59,61,-wny0OAz3g8$_$3,文本,6.146029,0.000000,6.030000,768,50,20,20,词,MFA,/Users/wangyiming/Desktop/E题/E题数据/附件1-数据集原始多模态样本/MOSEI数据集部分原始视频-100条/-wny0OAz3g8/3.mp4,/Users/wangyiming/Desktop/E题/problem1/work/mfa_corpus/-wny0OAz3g8__3.lab,cca0edb193345ead226d42cb9566806663b3e69eda2b8219d29d64b5a3268df4
60,59,61,-wny0OAz3g8$_$3,语音,6.146029,0.000000,6.030000,74,50,20,20,词,MFA,/Users/wangyiming/Desktop/E题/E题数据/附件1-数据集原始多模态样本/MOSEI数据集部分原始视频-100条/-wny0OAz3g8/3.mp4,/Users/wangyiming/Desktop/E题/problem1/work/mfa_corpus/-wny0OAz3g8__3.wav,cca0edb193345ead226d42cb9566806663b3e69eda2b8219d29d64b5a3268df4
60,59,61,-wny0OAz3g8$_$3,视觉,6.146029,0.000000,6.030000,35,50,20,20,词,MFA,/Users/wangyiming/Desktop/E题/E题数据/附件1-数据集原始多模态样本/MOSEI数据集部分原始视频-100条/-wny0OAz3g8/3.mp4,/Users/wangyiming/Desktop/E题/problem1/work/openface/-wny0OAz3g8__3/3.csv,cca0edb193345ead226d42cb9566806663b3e69eda2b8219d29d64b5a3268df4
61,60,62,-wny0OAz3g8$_$2,文本,6.686979,0.520000,6.040000,768,50,23,23,词,MFA,/Users/wangyiming/Desktop/E题/E题数据/附件1-数据集原始多模态样本/MOSEI数据集部分原始视频-100条/-wny0OAz3g8/2.mp4,/Users/wangyiming/Desktop/E题/problem1/work/mfa_corpus/-wny0OAz3g8__2.lab,380c5a25f7f9abcd18a77f5ca506a8e1e6bca8bcb07473e277926e1367664a88
61,60,62,-wny0OAz3g8$_$2,语音,6.686979,0.520000,6.040000,74,50,23,23,词,MFA,/Users/wangyiming/Desktop/E题/E题数据/附件1-数据集原始多模态样本/MOSEI数据集部分原始视频-100条/-wny0OAz3g8/2.mp4,/Users/wangyiming/Desktop/E题/problem1/work/mfa_corpus/-wny0OAz3g8__2.wav,380c5a25f7f9abcd18a77f5ca506a8e1e6bca8bcb07473e277926e1367664a88
61,60,62,-wny0OAz3g8$_$2,视觉,6.686979,0.520000,6.040000,35,50,23,23,词,MFA,/Users/wangyiming/Desktop/E题/E题数据/附件1-数据集原始多模态样本/MOSEI数据集部分原始视频-100条/-wny0OAz3g8/2.mp4,/Users/wangyiming/Desktop/E题/problem1/work/openface/-wny0OAz3g8__2/2.csv,380c5a25f7f9abcd18a77f5ca506a8e1e6bca8bcb07473e277926e1367664a88
62,61,63,-wny0OAz3g8$_$5,文本,6.911979,0.000000,6.741437,768,50,20,20,词,MFA,/Users/wangyiming/Desktop/E题/E题数据/附件1-数据集原始多模态样本/MOSEI数据集部分原始视频-100条/-wny0OAz3g8/5.mp4,/Users/wangyiming/Desktop/E题/problem1/work/mfa_corpus/-wny0OAz3g8__5.lab,46ea4d9377d4db92f09e89919493e33970fbae5b5a4fd5c8f567163dd2d55a09
62,61,63,-wny0OAz3g8$_$5,语音,6.911979,0.000000,6.741437,74,50,20,20,词,MFA,/Users/wangyiming/Desktop/E题/E题数据/附件1-数据集原始多模态样本/MOSEI数据集部分原始视频-100条/-wny0OAz3g8/5.mp4,/Users/wangyiming/Desktop/E题/problem1/work/mfa_corpus/-wny0OAz3g8__5.wav,46ea4d9377d4db92f09e89919493e33970fbae5b5a4fd5c8f567163dd2d55a09
62,61,63,-wny0OAz3g8$_$5,视觉,6.911979,0.000000,6.741437,35,50,20,20,词,MFA,/Users/wangyiming/Desktop/E题/E题数据/附件1-数据集原始多模态样本/MOSEI数据集部分原始视频-100条/-wny0OAz3g8/5.mp4,/Users/wangyiming/Desktop/E题/problem1/work/openface/-wny0OAz3g8__5/5.csv,46ea4d9377d4db92f09e89919493e33970fbae5b5a4fd5c8f567163dd2d55a09
63,62,64,-wny0OAz3g8$_$7,文本,8.067969,0.500000,7.540000,768,50,29,29,词,MFA,/Users/wangyiming/Desktop/E题/E题数据/附件1-数据集原始多模态样本/MOSEI数据集部分原始视频-100条/-wny0OAz3g8/7.mp4,/Users/wangyiming/Desktop/E题/problem1/work/mfa_corpus/-wny0OAz3g8__7.lab,391517779752adcbb6c6f559011cbbf89472aea76394859c5341697490b2fff9
63,62,64,-wny0OAz3g8$_$7,语音,8.067969,0.500000,7.540000,74,50,29,29,词,MFA,/Users/wangyiming/Desktop/E题/E题数据/附件1-数据集原始多模态样本/MOSEI数据集部分原始视频-100条/-wny0OAz3g8/7.mp4,/Users/wangyiming/Desktop/E题/problem1/work/mfa_corpus/-wny0OAz3g8__7.wav,391517779752adcbb6c6f559011cbbf89472aea76394859c5341697490b2fff9
63,62,64,-wny0OAz3g8$_$7,视觉,8.067969,0.500000,7.540000,35,50,29,29,词,MFA,/Users/wangyiming/Desktop/E题/E题数据/附件1-数据集原始多模态样本/MOSEI数据集部分原始视频-100条/-wny0OAz3g8/7.mp4,/Users/wangyiming/Desktop/E题/problem1/work/openface/-wny0OAz3g8__7/7.csv,391517779752adcbb6c6f559011cbbf89472aea76394859c5341697490b2fff9
64,63,65,-wny0OAz3g8$_$9,文本,6.213021,0.510000,5.550000,768,50,20,20,词,MFA,/Users/wangyiming/Desktop/E题/E题数据/附件1-数据集原始多模态样本/MOSEI数据集部分原始视频-100条/-wny0OAz3g8/9.mp4,/Users/wangyiming/Desktop/E题/problem1/work/mfa_corpus/-wny0OAz3g8__9.lab,8d94557b927a90849985cd4d4595f45cfd1863a296daa0544870cf8de107384b
64,63,65,-wny0OAz3g8$_$9,语音,6.213021,0.510000,5.550000,74,50,20,20,词,MFA,/Users/wangyiming/Desktop/E题/E题数据/附件1-数据集原始多模态样本/MOSEI数据集部分原始视频-100条/-wny0OAz3g8/9.mp4,/Users/wangyiming/Desktop/E题/problem1/work/mfa_corpus/-wny0OAz3g8__9.wav,8d94557b927a90849985cd4d4595f45cfd1863a296daa0544870cf8de107384b
64,63,65,-wny0OAz3g8$_$9,视觉,6.213021,0.510000,5.550000,35,50,20,20,词,MFA,/Users/wangyiming/Desktop/E题/E题数据/附件1-数据集原始多模态样本/MOSEI数据集部分原始视频-100条/-wny0OAz3g8/9.mp4,/Users/wangyiming/Desktop/E题/problem1/work/openface/-wny0OAz3g8__9/9.csv,8d94557b927a90849985cd4d4595f45cfd1863a296daa0544870cf8de107384b
65,64,66,-571d8cVauQ$_$0,文本,5.066667,1.080000,4.510000,768,50,12,12,词,MFA,/Users/wangyiming/Desktop/E题/E题数据/附件1-数据集原始多模态样本/MOSEI数据集部分原始视频-100条/-571d8cVauQ/0.mp4,/Users/wangyiming/Desktop/E题/problem1/work/mfa_corpus/-571d8cVauQ__0.lab,2557664290b4e4ec6447b366cfd22db60b8454a30a577a0390271b2d2e004bb5
65,64,66,-571d8cVauQ$_$0,语音,5.066667,1.080000,4.510000,74,50,12,12,词,MFA,/Users/wangyiming/Desktop/E题/E题数据/附件1-数据集原始多模态样本/MOSEI数据集部分原始视频-100条/-571d8cVauQ/0.mp4,/Users/wangyiming/Desktop/E题/problem1/work/mfa_corpus/-571d8cVauQ__0.wav,2557664290b4e4ec6447b366cfd22db60b8454a30a577a0390271b2d2e004bb5
65,64,66,-571d8cVauQ$_$0,视觉,5.066667,1.080000,4.510000,35,50,12,12,词,MFA,/Users/wangyiming/Desktop/E题/E题数据/附件1-数据集原始多模态样本/MOSEI数据集部分原始视频-100条/-571d8cVauQ/0.mp4,/Users/wangyiming/Desktop/E题/problem1/work/openface/-571d8cVauQ__0/0.csv,2557664290b4e4ec6447b366cfd22db60b8454a30a577a0390271b2d2e004bb5
66,65,67,-571d8cVauQ$_$5,文本,15.272982,0.500000,14.570000,768,50,43,43,词,MFA,/Users/wangyiming/Desktop/E题/E题数据/附件1-数据集原始多模态样本/MOSEI数据集部分原始视频-100条/-571d8cVauQ/5.mp4,/Users/wangyiming/Desktop/E题/problem1/work/mfa_corpus/-571d8cVauQ__5.lab,19b71fa8096126c1ae068d7b49cb71161974741e8bc66b1ce1c57dcf3c0b1aa0
66,65,67,-571d8cVauQ$_$5,语音,15.272982,0.500000,14.570000,74,50,43,43,词,MFA,/Users/wangyiming/Desktop/E题/E题数据/附件1-数据集原始多模态样本/MOSEI数据集部分原始视频-100条/-571d8cVauQ/5.mp4,/Users/wangyiming/Desktop/E题/problem1/work/mfa_corpus/-571d8cVauQ__5.wav,19b71fa8096126c1ae068d7b49cb71161974741e8bc66b1ce1c57dcf3c0b1aa0
66,65,67,-571d8cVauQ$_$5,视觉,15.272982,0.500000,14.570000,35,50,43,43,词,MFA,/Users/wangyiming/Desktop/E题/E题数据/附件1-数据集原始多模态样本/MOSEI数据集部分原始视频-100条/-571d8cVauQ/5.mp4,/Users/wangyiming/Desktop/E题/problem1/work/openface/-571d8cVauQ__5/5.csv,19b71fa8096126c1ae068d7b49cb71161974741e8bc66b1ce1c57dcf3c0b1aa0
67,66,68,-I_e4mIh0yE$_$1,文本,7.622005,0.760000,6.920000,768,50,18,18,词,MFA,/Users/wangyiming/Desktop/E题/E题数据/附件1-数据集原始多模态样本/MOSEI数据集部分原始视频-100条/-I_e4mIh0yE/1.mp4,/Users/wangyiming/Desktop/E题/problem1/work/mfa_corpus/-I_e4mIh0yE__1.lab,3eec63d020d753b31853adf6d736e78b71519e8b088443b770c5d0d51efa70cd
67,66,68,-I_e4mIh0yE$_$1,语音,7.622005,0.760000,6.920000,74,50,18,18,词,MFA,/Users/wangyiming/Desktop/E题/E题数据/附件1-数据集原始多模态样本/MOSEI数据集部分原始视频-100条/-I_e4mIh0yE/1.mp4,/Users/wangyiming/Desktop/E题/problem1/work/mfa_corpus/-I_e4mIh0yE__1.wav,3eec63d020d753b31853adf6d736e78b71519e8b088443b770c5d0d51efa70cd
67,66,68,-I_e4mIh0yE$_$1,视觉,7.622005,0.760000,6.920000,35,50,18,18,词,MFA,/Users/wangyiming/Desktop/E题/E题数据/附件1-数据集原始多模态样本/MOSEI数据集部分原始视频-100条/-I_e4mIh0yE/1.mp4,/Users/wangyiming/Desktop/E题/problem1/work/openface/-I_e4mIh0yE__1/1.csv,3eec63d020d753b31853adf6d736e78b71519e8b088443b770c5d0d51efa70cd
68,67,69,-I_e4mIh0yE$_$3,文本,9.163021,0.520000,8.470000,768,50,22,22,词,MFA,/Users/wangyiming/Desktop/E题/E题数据/附件1-数据集原始多模态样本/MOSEI数据集部分原始视频-100条/-I_e4mIh0yE/3.mp4,/Users/wangyiming/Desktop/E题/problem1/work/mfa_corpus/-I_e4mIh0yE__3.lab,87e104e5849b21423588ebbc907d95165307c10e44374be30e16e9743447a78e
68,67,69,-I_e4mIh0yE$_$3,语音,9.163021,0.520000,8.470000,74,50,22,22,词,MFA,/Users/wangyiming/Desktop/E题/E题数据/附件1-数据集原始多模态样本/MOSEI数据集部分原始视频-100条/-I_e4mIh0yE/3.mp4,/Users/wangyiming/Desktop/E题/problem1/work/mfa_corpus/-I_e4mIh0yE__3.wav,87e104e5849b21423588ebbc907d95165307c10e44374be30e16e9743447a78e
68,67,69,-I_e4mIh0yE$_$3,视觉,9.163021,0.520000,8.470000,35,50,22,22,词,MFA,/Users/wangyiming/Desktop/E题/E题数据/附件1-数据集原始多模态样本/MOSEI数据集部分原始视频-100条/-I_e4mIh0yE/3.mp4,/Users/wangyiming/Desktop/E题/problem1/work/openface/-I_e4mIh0yE__3/3.csv,87e104e5849b21423588ebbc907d95165307c10e44374be30e16e9743447a78e
69,68,70,-UacrmKiTn4$_$10,文本,7.361979,0.490000,6.720000,768,50,18,18,词,MFA,/Users/wangyiming/Desktop/E题/E题数据/附件1-数据集原始多模态样本/MOSEI数据集部分原始视频-100条/-UacrmKiTn4/10.mp4,/Users/wangyiming/Desktop/E题/problem1/work/mfa_corpus/-UacrmKiTn4__10.lab,6f86a8e7c3dbbbb3af0654562782a8abd76d14deb9060523e579a4db7714818b
69,68,70,-UacrmKiTn4$_$10,语音,7.361979,0.490000,6.720000,74,50,18,18,词,MFA,/Users/wangyiming/Desktop/E题/E题数据/附件1-数据集原始多模态样本/MOSEI数据集部分原始视频-100条/-UacrmKiTn4/10.mp4,/Users/wangyiming/Desktop/E题/problem1/work/mfa_corpus/-UacrmKiTn4__10.wav,6f86a8e7c3dbbbb3af0654562782a8abd76d14deb9060523e579a4db7714818b
69,68,70,-UacrmKiTn4$_$10,视觉,7.361979,0.490000,6.720000,35,50,18,18,词,MFA,/Users/wangyiming/Desktop/E题/E题数据/附件1-数据集原始多模态样本/MOSEI数据集部分原始视频-100条/-UacrmKiTn4/10.mp4,/Users/wangyiming/Desktop/E题/problem1/work/openface/-UacrmKiTn4__10/10.csv,6f86a8e7c3dbbbb3af0654562782a8abd76d14deb9060523e579a4db7714818b
70,69,71,-UacrmKiTn4$_$4,文本,4.741016,0.500000,4.190000,768,50,14,14,词,MFA,/Users/wangyiming/Desktop/E题/E题数据/附件1-数据集原始多模态样本/MOSEI数据集部分原始视频-100条/-UacrmKiTn4/4.mp4,/Users/wangyiming/Desktop/E题/problem1/work/mfa_corpus/-UacrmKiTn4__4.lab,db8538dc9ac4341e3d25ab9c097f0a09f217d9e7177846193f3058ce4cb8f2b2
70,69,71,-UacrmKiTn4$_$4,语音,4.741016,0.500000,4.190000,74,50,14,14,词,MFA,/Users/wangyiming/Desktop/E题/E题数据/附件1-数据集原始多模态样本/MOSEI数据集部分原始视频-100条/-UacrmKiTn4/4.mp4,/Users/wangyiming/Desktop/E题/problem1/work/mfa_corpus/-UacrmKiTn4__4.wav,db8538dc9ac4341e3d25ab9c097f0a09f217d9e7177846193f3058ce4cb8f2b2
70,69,71,-UacrmKiTn4$_$4,视觉,4.741016,0.500000,4.190000,35,50,14,14,词,MFA,/Users/wangyiming/Desktop/E题/E题数据/附件1-数据集原始多模态样本/MOSEI数据集部分原始视频-100条/-UacrmKiTn4/4.mp4,/Users/wangyiming/Desktop/E题/problem1/work/openface/-UacrmKiTn4__4/4.csv,db8538dc9ac4341e3d25ab9c097f0a09f217d9e7177846193f3058ce4cb8f2b2
71,70,72,-hnBHBN8p5A$_$7,文本,7.372000,0.000000,6.210000,768,50,13,13,词,MFA,/Users/wangyiming/Desktop/E题/E题数据/附件1-数据集原始多模态样本/MOSEI数据集部分原始视频-100条/-hnBHBN8p5A/7.mp4,/Users/wangyiming/Desktop/E题/problem1/work/mfa_corpus/-hnBHBN8p5A__7.lab,f9f6e9dd2d62d309ba1352284b100bdbd346c537da7d1577a8cffc0027bec817
71,70,72,-hnBHBN8p5A$_$7,语音,7.372000,0.000000,6.210000,74,50,13,13,词,MFA,/Users/wangyiming/Desktop/E题/E题数据/附件1-数据集原始多模态样本/MOSEI数据集部分原始视频-100条/-hnBHBN8p5A/7.mp4,/Users/wangyiming/Desktop/E题/problem1/work/mfa_corpus/-hnBHBN8p5A__7.wav,f9f6e9dd2d62d309ba1352284b100bdbd346c537da7d1577a8cffc0027bec817
71,70,72,-hnBHBN8p5A$_$7,视觉,7.372000,0.000000,6.210000,35,50,13,12,词,MFA,/Users/wangyiming/Desktop/E题/E题数据/附件1-数据集原始多模态样本/MOSEI数据集部分原始视频-100条/-hnBHBN8p5A/7.mp4,/Users/wangyiming/Desktop/E题/problem1/work/openface/-hnBHBN8p5A__7/7.csv,f9f6e9dd2d62d309ba1352284b100bdbd346c537da7d1577a8cffc0027bec817
72,71,73,-hnBHBN8p5A$_$6,文本,6.401000,0.370000,6.300000,768,50,13,13,词,MFA,/Users/wangyiming/Desktop/E题/E题数据/附件1-数据集原始多模态样本/MOSEI数据集部分原始视频-100条/-hnBHBN8p5A/6.mp4,/Users/wangyiming/Desktop/E题/problem1/work/mfa_corpus/-hnBHBN8p5A__6.lab,537b97f42a75476a2c6926a97dd3382ee1038e8de8370a5acfb62b72036e8837
72,71,73,-hnBHBN8p5A$_$6,语音,6.401000,0.370000,6.300000,74,50,13,13,词,MFA,/Users/wangyiming/Desktop/E题/E题数据/附件1-数据集原始多模态样本/MOSEI数据集部分原始视频-100条/-hnBHBN8p5A/6.mp4,/Users/wangyiming/Desktop/E题/problem1/work/mfa_corpus/-hnBHBN8p5A__6.wav,537b97f42a75476a2c6926a97dd3382ee1038e8de8370a5acfb62b72036e8837
72,71,73,-hnBHBN8p5A$_$6,视觉,6.401000,0.370000,6.300000,35,50,13,13,词,MFA,/Users/wangyiming/Desktop/E题/E题数据/附件1-数据集原始多模态样本/MOSEI数据集部分原始视频-100条/-hnBHBN8p5A/6.mp4,/Users/wangyiming/Desktop/E题/problem1/work/openface/-hnBHBN8p5A__6/6.csv,537b97f42a75476a2c6926a97dd3382ee1038e8de8370a5acfb62b72036e8837
73,72,74,-qDkUB0GgYY$_$6,文本,4.677995,0.500000,4.090000,768,50,16,16,词,MFA,/Users/wangyiming/Desktop/E题/E题数据/附件1-数据集原始多模态样本/MOSEI数据集部分原始视频-100条/-qDkUB0GgYY/6.mp4,/Users/wangyiming/Desktop/E题/problem1/work/mfa_corpus/-qDkUB0GgYY__6.lab,972e580215d4749557952f888b9ac7e3c2a4cd1c51547da829fadc61898854da
73,72,74,-qDkUB0GgYY$_$6,语音,4.677995,0.500000,4.090000,74,50,16,16,词,MFA,/Users/wangyiming/Desktop/E题/E题数据/附件1-数据集原始多模态样本/MOSEI数据集部分原始视频-100条/-qDkUB0GgYY/6.mp4,/Users/wangyiming/Desktop/E题/problem1/work/mfa_corpus/-qDkUB0GgYY__6.wav,972e580215d4749557952f888b9ac7e3c2a4cd1c51547da829fadc61898854da
73,72,74,-qDkUB0GgYY$_$6,视觉,4.677995,0.500000,4.090000,35,50,16,16,词,MFA,/Users/wangyiming/Desktop/E题/E题数据/附件1-数据集原始多模态样本/MOSEI数据集部分原始视频-100条/-qDkUB0GgYY/6.mp4,/Users/wangyiming/Desktop/E题/problem1/work/openface/-qDkUB0GgYY__6/6.csv,972e580215d4749557952f888b9ac7e3c2a4cd1c51547da829fadc61898854da
74,73,75,-uywlfIYOS8$_$4,文本,6.044987,0.000000,5.380000,768,50,18,18,词,MFA,/Users/wangyiming/Desktop/E题/E题数据/附件1-数据集原始多模态样本/MOSEI数据集部分原始视频-100条/-uywlfIYOS8/4.mp4,/Users/wangyiming/Desktop/E题/problem1/work/mfa_corpus/-uywlfIYOS8__4.lab,23e74ca376c9e3d7002f039ef4de2c193738541502c3ab673b6e5cc34d91e1a8
74,73,75,-uywlfIYOS8$_$4,语音,6.044987,0.000000,5.380000,74,50,18,18,词,MFA,/Users/wangyiming/Desktop/E题/E题数据/附件1-数据集原始多模态样本/MOSEI数据集部分原始视频-100条/-uywlfIYOS8/4.mp4,/Users/wangyiming/Desktop/E题/problem1/work/mfa_corpus/-uywlfIYOS8__4.wav,23e74ca376c9e3d7002f039ef4de2c193738541502c3ab673b6e5cc34d91e1a8
74,73,75,-uywlfIYOS8$_$4,视觉,6.044987,0.000000,5.380000,35,50,18,18,词,MFA,/Users/wangyiming/Desktop/E题/E题数据/附件1-数据集原始多模态样本/MOSEI数据集部分原始视频-100条/-uywlfIYOS8/4.mp4,/Users/wangyiming/Desktop/E题/problem1/work/openface/-uywlfIYOS8__4/4.csv,23e74ca376c9e3d7002f039ef4de2c193738541502c3ab673b6e5cc34d91e1a8
75,74,76,-6rXp3zJ3kc$_$8,文本,12.805013,0.000000,12.240000,768,50,34,34,词,MFA,/Users/wangyiming/Desktop/E题/E题数据/附件1-数据集原始多模态样本/MOSEI数据集部分原始视频-100条/-6rXp3zJ3kc/8.mp4,/Users/wangyiming/Desktop/E题/problem1/work/mfa_corpus/-6rXp3zJ3kc__8.lab,379e0d9609e2abd7478b19406c39e2c1213a10afc699b2747d3ef0d78e222cbe
75,74,76,-6rXp3zJ3kc$_$8,语音,12.805013,0.000000,12.240000,74,50,34,34,词,MFA,/Users/wangyiming/Desktop/E题/E题数据/附件1-数据集原始多模态样本/MOSEI数据集部分原始视频-100条/-6rXp3zJ3kc/8.mp4,/Users/wangyiming/Desktop/E题/problem1/work/mfa_corpus/-6rXp3zJ3kc__8.wav,379e0d9609e2abd7478b19406c39e2c1213a10afc699b2747d3ef0d78e222cbe
75,74,76,-6rXp3zJ3kc$_$8,视觉,12.805013,0.000000,12.240000,35,50,34,34,词,MFA,/Users/wangyiming/Desktop/E题/E题数据/附件1-数据集原始多模态样本/MOSEI数据集部分原始视频-100条/-6rXp3zJ3kc/8.mp4,/Users/wangyiming/Desktop/E题/problem1/work/openface/-6rXp3zJ3kc__8/8.csv,379e0d9609e2abd7478b19406c39e2c1213a10afc699b2747d3ef0d78e222cbe
76,75,77,-9y-fZ3swSY$_$0,文本,6.833333,0.000000,6.560000,768,50,22,22,词,MFA,/Users/wangyiming/Desktop/E题/E题数据/附件1-数据集原始多模态样本/MOSEI数据集部分原始视频-100条/-9y-fZ3swSY/0.mp4,/Users/wangyiming/Desktop/E题/problem1/work/mfa_corpus/-9y-fZ3swSY__0.lab,8955efef5b9214c13bef0fe74539fbf336ddb0960a393fa42690ec5fdf89bfde
76,75,77,-9y-fZ3swSY$_$0,语音,6.833333,0.000000,6.560000,74,50,22,22,词,MFA,/Users/wangyiming/Desktop/E题/E题数据/附件1-数据集原始多模态样本/MOSEI数据集部分原始视频-100条/-9y-fZ3swSY/0.mp4,/Users/wangyiming/Desktop/E题/problem1/work/mfa_corpus/-9y-fZ3swSY__0.wav,8955efef5b9214c13bef0fe74539fbf336ddb0960a393fa42690ec5fdf89bfde
76,75,77,-9y-fZ3swSY$_$0,视觉,6.833333,0.000000,6.560000,35,50,22,22,词,MFA,/Users/wangyiming/Desktop/E题/E题数据/附件1-数据集原始多模态样本/MOSEI数据集部分原始视频-100条/-9y-fZ3swSY/0.mp4,/Users/wangyiming/Desktop/E题/problem1/work/openface/-9y-fZ3swSY__0/0.csv,8955efef5b9214c13bef0fe74539fbf336ddb0960a393fa42690ec5fdf89bfde
77,76,78,-9y-fZ3swSY$_$4,文本,2.821029,0.300000,2.630000,768,50,9,9,词,MFA,/Users/wangyiming/Desktop/E题/E题数据/附件1-数据集原始多模态样本/MOSEI数据集部分原始视频-100条/-9y-fZ3swSY/4.mp4,/Users/wangyiming/Desktop/E题/problem1/work/mfa_corpus/-9y-fZ3swSY__4.lab,d470a1cad6ecb61b7ddd6a0a9fa1dc1a5aa597d32874ddbfe065181117385d72
77,76,78,-9y-fZ3swSY$_$4,语音,2.821029,0.300000,2.630000,74,50,9,9,词,MFA,/Users/wangyiming/Desktop/E题/E题数据/附件1-数据集原始多模态样本/MOSEI数据集部分原始视频-100条/-9y-fZ3swSY/4.mp4,/Users/wangyiming/Desktop/E题/problem1/work/mfa_corpus/-9y-fZ3swSY__4.wav,d470a1cad6ecb61b7ddd6a0a9fa1dc1a5aa597d32874ddbfe065181117385d72
77,76,78,-9y-fZ3swSY$_$4,视觉,2.821029,0.300000,2.630000,35,50,9,9,词,MFA,/Users/wangyiming/Desktop/E题/E题数据/附件1-数据集原始多模态样本/MOSEI数据集部分原始视频-100条/-9y-fZ3swSY/4.mp4,/Users/wangyiming/Desktop/E题/problem1/work/openface/-9y-fZ3swSY__4/4.csv,d470a1cad6ecb61b7ddd6a0a9fa1dc1a5aa597d32874ddbfe065181117385d72
78,77,79,-9y-fZ3swSY$_$8,文本,4.988997,0.000000,4.460000,768,50,12,12,词,MFA,/Users/wangyiming/Desktop/E题/E题数据/附件1-数据集原始多模态样本/MOSEI数据集部分原始视频-100条/-9y-fZ3swSY/8.mp4,/Users/wangyiming/Desktop/E题/problem1/work/mfa_corpus/-9y-fZ3swSY__8.lab,7743db11a5c275d776c447f4346600a4e92a4349eecbf1b3b9a90a6864bdce39
78,77,79,-9y-fZ3swSY$_$8,语音,4.988997,0.000000,4.460000,74,50,12,12,词,MFA,/Users/wangyiming/Desktop/E题/E题数据/附件1-数据集原始多模态样本/MOSEI数据集部分原始视频-100条/-9y-fZ3swSY/8.mp4,/Users/wangyiming/Desktop/E题/problem1/work/mfa_corpus/-9y-fZ3swSY__8.wav,7743db11a5c275d776c447f4346600a4e92a4349eecbf1b3b9a90a6864bdce39
78,77,79,-9y-fZ3swSY$_$8,视觉,4.988997,0.000000,4.460000,35,50,12,12,词,MFA,/Users/wangyiming/Desktop/E题/E题数据/附件1-数据集原始多模态样本/MOSEI数据集部分原始视频-100条/-9y-fZ3swSY/8.mp4,/Users/wangyiming/Desktop/E题/problem1/work/openface/-9y-fZ3swSY__8/8.csv,7743db11a5c275d776c447f4346600a4e92a4349eecbf1b3b9a90a6864bdce39
79,78,80,-AUZQgSxyPQ$_$2,文本,22.511003,0.490000,21.879999,768,50,41,41,词,MFA,/Users/wangyiming/Desktop/E题/E题数据/附件1-数据集原始多模态样本/MOSEI数据集部分原始视频-100条/-AUZQgSxyPQ/2.mp4,/Users/wangyiming/Desktop/E题/problem1/work/mfa_corpus/-AUZQgSxyPQ__2.lab,63b9be620e11339bcf5a1ca93fdbc82ca6c1c2b924f2dc76ae8f1aea344d835f
79,78,80,-AUZQgSxyPQ$_$2,语音,22.511003,0.490000,21.879999,74,50,41,41,词,MFA,/Users/wangyiming/Desktop/E题/E题数据/附件1-数据集原始多模态样本/MOSEI数据集部分原始视频-100条/-AUZQgSxyPQ/2.mp4,/Users/wangyiming/Desktop/E题/problem1/work/mfa_corpus/-AUZQgSxyPQ__2.wav,63b9be620e11339bcf5a1ca93fdbc82ca6c1c2b924f2dc76ae8f1aea344d835f
79,78,80,-AUZQgSxyPQ$_$2,视觉,22.511003,0.490000,21.879999,35,50,41,41,词,MFA,/Users/wangyiming/Desktop/E题/E题数据/附件1-数据集原始多模态样本/MOSEI数据集部分原始视频-100条/-AUZQgSxyPQ/2.mp4,/Users/wangyiming/Desktop/E题/problem1/work/openface/-AUZQgSxyPQ__2/2.csv,63b9be620e11339bcf5a1ca93fdbc82ca6c1c2b924f2dc76ae8f1aea344d835f
80,79,81,-HeZS2-Prhc$_$2,文本,8.261979,0.000000,7.630000,768,50,16,16,词,MFA,/Users/wangyiming/Desktop/E题/E题数据/附件1-数据集原始多模态样本/MOSEI数据集部分原始视频-100条/-HeZS2-Prhc/2.mp4,/Users/wangyiming/Desktop/E题/problem1/work/mfa_corpus/-HeZS2-Prhc__2.lab,295da785ba9aa93a791617a368c63c34b23c7ace6b9ea1a8bde207d5a69ec1f6
80,79,81,-HeZS2-Prhc$_$2,语音,8.261979,0.000000,7.630000,74,50,16,16,词,MFA,/Users/wangyiming/Desktop/E题/E题数据/附件1-数据集原始多模态样本/MOSEI数据集部分原始视频-100条/-HeZS2-Prhc/2.mp4,/Users/wangyiming/Desktop/E题/problem1/work/mfa_corpus/-HeZS2-Prhc__2.wav,295da785ba9aa93a791617a368c63c34b23c7ace6b9ea1a8bde207d5a69ec1f6
80,79,81,-HeZS2-Prhc$_$2,视觉,8.261979,0.000000,7.630000,35,50,16,16,词,MFA,/Users/wangyiming/Desktop/E题/E题数据/附件1-数据集原始多模态样本/MOSEI数据集部分原始视频-100条/-HeZS2-Prhc/2.mp4,/Users/wangyiming/Desktop/E题/problem1/work/openface/-HeZS2-Prhc__2/2.csv,295da785ba9aa93a791617a368c63c34b23c7ace6b9ea1a8bde207d5a69ec1f6
81,80,82,-MeTTeMJBNc$_$0,文本,9.300000,0.950000,8.770000,768,50,21,21,词,MFA,/Users/wangyiming/Desktop/E题/E题数据/附件1-数据集原始多模态样本/MOSEI数据集部分原始视频-100条/-MeTTeMJBNc/0.mp4,/Users/wangyiming/Desktop/E题/problem1/work/mfa_corpus/-MeTTeMJBNc__0.lab,69074f797ce266944c8ccd4e85dfada2debbd98408304ed997d030f537696de6
81,80,82,-MeTTeMJBNc$_$0,语音,9.300000,0.950000,8.770000,74,50,21,21,词,MFA,/Users/wangyiming/Desktop/E题/E题数据/附件1-数据集原始多模态样本/MOSEI数据集部分原始视频-100条/-MeTTeMJBNc/0.mp4,/Users/wangyiming/Desktop/E题/problem1/work/mfa_corpus/-MeTTeMJBNc__0.wav,69074f797ce266944c8ccd4e85dfada2debbd98408304ed997d030f537696de6
81,80,82,-MeTTeMJBNc$_$0,视觉,9.300000,0.950000,8.770000,35,50,21,21,词,MFA,/Users/wangyiming/Desktop/E题/E题数据/附件1-数据集原始多模态样本/MOSEI数据集部分原始视频-100条/-MeTTeMJBNc/0.mp4,/Users/wangyiming/Desktop/E题/problem1/work/openface/-MeTTeMJBNc__0/0.csv,69074f797ce266944c8ccd4e85dfada2debbd98408304ed997d030f537696de6
82,81,83,-MeTTeMJBNc$_$13,文本,5.430013,0.000000,4.990000,768,50,14,14,词,MFA,/Users/wangyiming/Desktop/E题/E题数据/附件1-数据集原始多模态样本/MOSEI数据集部分原始视频-100条/-MeTTeMJBNc/13.mp4,/Users/wangyiming/Desktop/E题/problem1/work/mfa_corpus/-MeTTeMJBNc__13.lab,70af1a91b58db89e2040b4928c3138bd30d44f2166794de38aa8cea5e9f6ac40
82,81,83,-MeTTeMJBNc$_$13,语音,5.430013,0.000000,4.990000,74,50,14,14,词,MFA,/Users/wangyiming/Desktop/E题/E题数据/附件1-数据集原始多模态样本/MOSEI数据集部分原始视频-100条/-MeTTeMJBNc/13.mp4,/Users/wangyiming/Desktop/E题/problem1/work/mfa_corpus/-MeTTeMJBNc__13.wav,70af1a91b58db89e2040b4928c3138bd30d44f2166794de38aa8cea5e9f6ac40
82,81,83,-MeTTeMJBNc$_$13,视觉,5.430013,0.000000,4.990000,35,50,14,14,词,MFA,/Users/wangyiming/Desktop/E题/E题数据/附件1-数据集原始多模态样本/MOSEI数据集部分原始视频-100条/-MeTTeMJBNc/13.mp4,/Users/wangyiming/Desktop/E题/problem1/work/openface/-MeTTeMJBNc__13/13.csv,70af1a91b58db89e2040b4928c3138bd30d44f2166794de38aa8cea5e9f6ac40
83,82,84,-MeTTeMJBNc$_$7,文本,10.516992,0.520000,9.850000,768,50,31,31,词,MFA,/Users/wangyiming/Desktop/E题/E题数据/附件1-数据集原始多模态样本/MOSEI数据集部分原始视频-100条/-MeTTeMJBNc/7.mp4,/Users/wangyiming/Desktop/E题/problem1/work/mfa_corpus/-MeTTeMJBNc__7.lab,c8c0a191b8d2e4bb3effc2b5cca84fa60b7316e796955231631ca5f919bcdd59
83,82,84,-MeTTeMJBNc$_$7,语音,10.516992,0.520000,9.850000,74,50,31,31,词,MFA,/Users/wangyiming/Desktop/E题/E题数据/附件1-数据集原始多模态样本/MOSEI数据集部分原始视频-100条/-MeTTeMJBNc/7.mp4,/Users/wangyiming/Desktop/E题/problem1/work/mfa_corpus/-MeTTeMJBNc__7.wav,c8c0a191b8d2e4bb3effc2b5cca84fa60b7316e796955231631ca5f919bcdd59
83,82,84,-MeTTeMJBNc$_$7,视觉,10.516992,0.520000,9.850000,35,50,31,31,词,MFA,/Users/wangyiming/Desktop/E题/E题数据/附件1-数据集原始多模态样本/MOSEI数据集部分原始视频-100条/-MeTTeMJBNc/7.mp4,/Users/wangyiming/Desktop/E题/problem1/work/openface/-MeTTeMJBNc__7/7.csv,c8c0a191b8d2e4bb3effc2b5cca84fa60b7316e796955231631ca5f919bcdd59
84,83,85,-RfYyzHpjk4$_$11,文本,5.238997,0.600000,4.540000,768,50,17,17,词,MFA,/Users/wangyiming/Desktop/E题/E题数据/附件1-数据集原始多模态样本/MOSEI数据集部分原始视频-100条/-RfYyzHpjk4/11.mp4,/Users/wangyiming/Desktop/E题/problem1/work/mfa_corpus/-RfYyzHpjk4__11.lab,60dd92c4cea18c043c027f9e1ce9155fd9789f0437ae87e1cbffe21190d2d6d3
84,83,85,-RfYyzHpjk4$_$11,语音,5.238997,0.600000,4.540000,74,50,17,17,词,MFA,/Users/wangyiming/Desktop/E题/E题数据/附件1-数据集原始多模态样本/MOSEI数据集部分原始视频-100条/-RfYyzHpjk4/11.mp4,/Users/wangyiming/Desktop/E题/problem1/work/mfa_corpus/-RfYyzHpjk4__11.wav,60dd92c4cea18c043c027f9e1ce9155fd9789f0437ae87e1cbffe21190d2d6d3
84,83,85,-RfYyzHpjk4$_$11,视觉,5.238997,0.600000,4.540000,35,50,17,17,词,MFA,/Users/wangyiming/Desktop/E题/E题数据/附件1-数据集原始多模态样本/MOSEI数据集部分原始视频-100条/-RfYyzHpjk4/11.mp4,/Users/wangyiming/Desktop/E题/problem1/work/openface/-RfYyzHpjk4__11/11.csv,60dd92c4cea18c043c027f9e1ce9155fd9789f0437ae87e1cbffe21190d2d6d3
85,84,86,-RfYyzHpjk4$_$8,文本,4.588997,0.500000,3.990000,768,50,17,17,词,MFA,/Users/wangyiming/Desktop/E题/E题数据/附件1-数据集原始多模态样本/MOSEI数据集部分原始视频-100条/-RfYyzHpjk4/8.mp4,/Users/wangyiming/Desktop/E题/problem1/work/mfa_corpus/-RfYyzHpjk4__8.lab,96b4f83f7337d59b5cf912a1ab1334a82b32c1b92cbd154ddb00d3881dcbe1a7
85,84,86,-RfYyzHpjk4$_$8,语音,4.588997,0.500000,3.990000,74,50,17,17,词,MFA,/Users/wangyiming/Desktop/E题/E题数据/附件1-数据集原始多模态样本/MOSEI数据集部分原始视频-100条/-RfYyzHpjk4/8.mp4,/Users/wangyiming/Desktop/E题/problem1/work/mfa_corpus/-RfYyzHpjk4__8.wav,96b4f83f7337d59b5cf912a1ab1334a82b32c1b92cbd154ddb00d3881dcbe1a7
85,84,86,-RfYyzHpjk4$_$8,视觉,4.588997,0.500000,3.990000,35,50,17,17,词,MFA,/Users/wangyiming/Desktop/E题/E题数据/附件1-数据集原始多模态样本/MOSEI数据集部分原始视频-100条/-RfYyzHpjk4/8.mp4,/Users/wangyiming/Desktop/E题/problem1/work/openface/-RfYyzHpjk4__8/8.csv,96b4f83f7337d59b5cf912a1ab1334a82b32c1b92cbd154ddb00d3881dcbe1a7
86,85,87,-RfYyzHpjk4$_$2,文本,5.516016,0.500000,4.860000,768,50,25,25,词,MFA,/Users/wangyiming/Desktop/E题/E题数据/附件1-数据集原始多模态样本/MOSEI数据集部分原始视频-100条/-RfYyzHpjk4/2.mp4,/Users/wangyiming/Desktop/E题/problem1/work/mfa_corpus/-RfYyzHpjk4__2.lab,3deda8e7d193bbdf6ef39fe67d280c3d28f37529f52ad8d5556809374bb04e31
86,85,87,-RfYyzHpjk4$_$2,语音,5.516016,0.500000,4.860000,74,50,25,25,词,MFA,/Users/wangyiming/Desktop/E题/E题数据/附件1-数据集原始多模态样本/MOSEI数据集部分原始视频-100条/-RfYyzHpjk4/2.mp4,/Users/wangyiming/Desktop/E题/problem1/work/mfa_corpus/-RfYyzHpjk4__2.wav,3deda8e7d193bbdf6ef39fe67d280c3d28f37529f52ad8d5556809374bb04e31
86,85,87,-RfYyzHpjk4$_$2,视觉,5.516016,0.500000,4.860000,35,50,25,25,词,MFA,/Users/wangyiming/Desktop/E题/E题数据/附件1-数据集原始多模态样本/MOSEI数据集部分原始视频-100条/-RfYyzHpjk4/2.mp4,/Users/wangyiming/Desktop/E题/problem1/work/openface/-RfYyzHpjk4__2/2.csv,3deda8e7d193bbdf6ef39fe67d280c3d28f37529f52ad8d5556809374bb04e31
87,86,88,-UUCSKoHeMA$_$0,文本,7.800000,1.210000,7.280000,768,50,18,18,词,MFA,/Users/wangyiming/Desktop/E题/E题数据/附件1-数据集原始多模态样本/MOSEI数据集部分原始视频-100条/-UUCSKoHeMA/0.mp4,/Users/wangyiming/Desktop/E题/problem1/work/mfa_corpus/-UUCSKoHeMA__0.lab,068d3f0a130bf1627574c39acf4d770a336783134f84ad686263b931d9e8ff37
87,86,88,-UUCSKoHeMA$_$0,语音,7.800000,1.210000,7.280000,74,50,18,18,词,MFA,/Users/wangyiming/Desktop/E题/E题数据/附件1-数据集原始多模态样本/MOSEI数据集部分原始视频-100条/-UUCSKoHeMA/0.mp4,/Users/wangyiming/Desktop/E题/problem1/work/mfa_corpus/-UUCSKoHeMA__0.wav,068d3f0a130bf1627574c39acf4d770a336783134f84ad686263b931d9e8ff37
87,86,88,-UUCSKoHeMA$_$0,视觉,7.800000,1.210000,7.280000,35,50,18,18,词,MFA,/Users/wangyiming/Desktop/E题/E题数据/附件1-数据集原始多模态样本/MOSEI数据集部分原始视频-100条/-UUCSKoHeMA/0.mp4,/Users/wangyiming/Desktop/E题/problem1/work/openface/-UUCSKoHeMA__0/0.csv,068d3f0a130bf1627574c39acf4d770a336783134f84ad686263b931d9e8ff37
88,87,89,-ri04Z7vwnc$_$0,文本,2.807000,0.000000,2.720000,768,50,8,8,词,MFA,/Users/wangyiming/Desktop/E题/E题数据/附件1-数据集原始多模态样本/MOSEI数据集部分原始视频-100条/-ri04Z7vwnc/0.mp4,/Users/wangyiming/Desktop/E题/problem1/work/mfa_corpus/-ri04Z7vwnc__0.lab,f8359eec749edcd8d8f4934b63dcac01d59f0e21b55e121f7a009d5e3da82c8a
88,87,89,-ri04Z7vwnc$_$0,语音,2.807000,0.000000,2.720000,74,50,8,8,词,MFA,/Users/wangyiming/Desktop/E题/E题数据/附件1-数据集原始多模态样本/MOSEI数据集部分原始视频-100条/-ri04Z7vwnc/0.mp4,/Users/wangyiming/Desktop/E题/problem1/work/mfa_corpus/-ri04Z7vwnc__0.wav,f8359eec749edcd8d8f4934b63dcac01d59f0e21b55e121f7a009d5e3da82c8a
88,87,89,-ri04Z7vwnc$_$0,视觉,2.807000,0.000000,2.720000,35,50,8,0,词,MFA,/Users/wangyiming/Desktop/E题/E题数据/附件1-数据集原始多模态样本/MOSEI数据集部分原始视频-100条/-ri04Z7vwnc/0.mp4,/Users/wangyiming/Desktop/E题/problem1/work/openface/-ri04Z7vwnc__0/0.csv,f8359eec749edcd8d8f4934b63dcac01d59f0e21b55e121f7a009d5e3da82c8a
89,88,90,-ri04Z7vwnc$_$2,文本,6.027000,0.000000,5.830000,768,50,16,16,词,MFA,/Users/wangyiming/Desktop/E题/E题数据/附件1-数据集原始多模态样本/MOSEI数据集部分原始视频-100条/-ri04Z7vwnc/2.mp4,/Users/wangyiming/Desktop/E题/problem1/work/mfa_corpus/-ri04Z7vwnc__2.lab,0dbc7e4e9f0b5023daef202754da628716fddc537c8fe7ea12cb414072cb9e65
89,88,90,-ri04Z7vwnc$_$2,语音,6.027000,0.000000,5.830000,74,50,16,16,词,MFA,/Users/wangyiming/Desktop/E题/E题数据/附件1-数据集原始多模态样本/MOSEI数据集部分原始视频-100条/-ri04Z7vwnc/2.mp4,/Users/wangyiming/Desktop/E题/problem1/work/mfa_corpus/-ri04Z7vwnc__2.wav,0dbc7e4e9f0b5023daef202754da628716fddc537c8fe7ea12cb414072cb9e65
89,88,90,-ri04Z7vwnc$_$2,视觉,6.027000,0.000000,5.830000,35,50,16,14,词,MFA,/Users/wangyiming/Desktop/E题/E题数据/附件1-数据集原始多模态样本/MOSEI数据集部分原始视频-100条/-ri04Z7vwnc/2.mp4,/Users/wangyiming/Desktop/E题/problem1/work/openface/-ri04Z7vwnc__2/2.csv,0dbc7e4e9f0b5023daef202754da628716fddc537c8fe7ea12cb414072cb9e65
90,89,91,-ri04Z7vwnc$_$5,文本,3.545000,0.000000,3.160000,768,50,8,8,词,MFA,/Users/wangyiming/Desktop/E题/E题数据/附件1-数据集原始多模态样本/MOSEI数据集部分原始视频-100条/-ri04Z7vwnc/5.mp4,/Users/wangyiming/Desktop/E题/problem1/work/mfa_corpus/-ri04Z7vwnc__5.lab,63d4843353c740e0c5128ae0730131a046dcc1370241bf6300a0f545dbf569e7
90,89,91,-ri04Z7vwnc$_$5,语音,3.545000,0.000000,3.160000,74,50,8,8,词,MFA,/Users/wangyiming/Desktop/E题/E题数据/附件1-数据集原始多模态样本/MOSEI数据集部分原始视频-100条/-ri04Z7vwnc/5.mp4,/Users/wangyiming/Desktop/E题/problem1/work/mfa_corpus/-ri04Z7vwnc__5.wav,63d4843353c740e0c5128ae0730131a046dcc1370241bf6300a0f545dbf569e7
90,89,91,-ri04Z7vwnc$_$5,视觉,3.545000,0.000000,3.160000,35,50,8,8,词,MFA,/Users/wangyiming/Desktop/E题/E题数据/附件1-数据集原始多模态样本/MOSEI数据集部分原始视频-100条/-ri04Z7vwnc/5.mp4,/Users/wangyiming/Desktop/E题/problem1/work/openface/-ri04Z7vwnc__5/5.csv,63d4843353c740e0c5128ae0730131a046dcc1370241bf6300a0f545dbf569e7
91,90,92,-s9qJ7ATP7w$_$1,文本,4.791992,0.520000,4.400000,768,50,11,11,词,MFA,/Users/wangyiming/Desktop/E题/E题数据/附件1-数据集原始多模态样本/MOSEI数据集部分原始视频-100条/-s9qJ7ATP7w/1.mp4,/Users/wangyiming/Desktop/E题/problem1/work/mfa_corpus/-s9qJ7ATP7w__1.lab,fc11e605d3f2728141860575343eb102f6f53833968da61ae750d079d8255ecc
91,90,92,-s9qJ7ATP7w$_$1,语音,4.791992,0.520000,4.400000,74,50,11,11,词,MFA,/Users/wangyiming/Desktop/E题/E题数据/附件1-数据集原始多模态样本/MOSEI数据集部分原始视频-100条/-s9qJ7ATP7w/1.mp4,/Users/wangyiming/Desktop/E题/problem1/work/mfa_corpus/-s9qJ7ATP7w__1.wav,fc11e605d3f2728141860575343eb102f6f53833968da61ae750d079d8255ecc
91,90,92,-s9qJ7ATP7w$_$1,视觉,4.791992,0.520000,4.400000,35,50,11,11,词,MFA,/Users/wangyiming/Desktop/E题/E题数据/附件1-数据集原始多模态样本/MOSEI数据集部分原始视频-100条/-s9qJ7ATP7w/1.mp4,/Users/wangyiming/Desktop/E题/problem1/work/openface/-s9qJ7ATP7w__1/1.csv,fc11e605d3f2728141860575343eb102f6f53833968da61ae750d079d8255ecc
92,91,93,-s9qJ7ATP7w$_$0,文本,6.800000,0.000000,6.160000,768,50,24,24,词,MFA,/Users/wangyiming/Desktop/E题/E题数据/附件1-数据集原始多模态样本/MOSEI数据集部分原始视频-100条/-s9qJ7ATP7w/0.mp4,/Users/wangyiming/Desktop/E题/problem1/work/mfa_corpus/-s9qJ7ATP7w__0.lab,e333363d6d12b3461247ec2734f656ef464436c1a54a56b6bc09429ccface63e
92,91,93,-s9qJ7ATP7w$_$0,语音,6.800000,0.000000,6.160000,74,50,24,24,词,MFA,/Users/wangyiming/Desktop/E题/E题数据/附件1-数据集原始多模态样本/MOSEI数据集部分原始视频-100条/-s9qJ7ATP7w/0.mp4,/Users/wangyiming/Desktop/E题/problem1/work/mfa_corpus/-s9qJ7ATP7w__0.wav,e333363d6d12b3461247ec2734f656ef464436c1a54a56b6bc09429ccface63e
92,91,93,-s9qJ7ATP7w$_$0,视觉,6.800000,0.000000,6.160000,35,50,24,24,词,MFA,/Users/wangyiming/Desktop/E题/E题数据/附件1-数据集原始多模态样本/MOSEI数据集部分原始视频-100条/-s9qJ7ATP7w/0.mp4,/Users/wangyiming/Desktop/E题/problem1/work/openface/-s9qJ7ATP7w__0/0.csv,e333363d6d12b3461247ec2734f656ef464436c1a54a56b6bc09429ccface63e
93,92,94,-s9qJ7ATP7w$_$5,文本,8.561003,0.360000,7.890000,768,50,19,19,词,MFA,/Users/wangyiming/Desktop/E题/E题数据/附件1-数据集原始多模态样本/MOSEI数据集部分原始视频-100条/-s9qJ7ATP7w/5.mp4,/Users/wangyiming/Desktop/E题/problem1/work/mfa_corpus/-s9qJ7ATP7w__5.lab,b532f857dc28cccf49cc7fded529891c28e72445f5c0f26d93ada62bc93f6a0d
93,92,94,-s9qJ7ATP7w$_$5,语音,8.561003,0.360000,7.890000,74,50,19,19,词,MFA,/Users/wangyiming/Desktop/E题/E题数据/附件1-数据集原始多模态样本/MOSEI数据集部分原始视频-100条/-s9qJ7ATP7w/5.mp4,/Users/wangyiming/Desktop/E题/problem1/work/mfa_corpus/-s9qJ7ATP7w__5.wav,b532f857dc28cccf49cc7fded529891c28e72445f5c0f26d93ada62bc93f6a0d
93,92,94,-s9qJ7ATP7w$_$5,视觉,8.561003,0.360000,7.890000,35,50,19,19,词,MFA,/Users/wangyiming/Desktop/E题/E题数据/附件1-数据集原始多模态样本/MOSEI数据集部分原始视频-100条/-s9qJ7ATP7w/5.mp4,/Users/wangyiming/Desktop/E题/problem1/work/openface/-s9qJ7ATP7w__5/5.csv,b532f857dc28cccf49cc7fded529891c28e72445f5c0f26d93ada62bc93f6a0d
94,93,95,-s9qJ7ATP7w$_$4,文本,4.427018,0.540000,4.040000,768,50,9,9,词,MFA,/Users/wangyiming/Desktop/E题/E题数据/附件1-数据集原始多模态样本/MOSEI数据集部分原始视频-100条/-s9qJ7ATP7w/4.mp4,/Users/wangyiming/Desktop/E题/problem1/work/mfa_corpus/-s9qJ7ATP7w__4.lab,ed16431b29114afc0ca32c2ae42cb009a4bb1c91df404f0cb19b7bbd27b93935
94,93,95,-s9qJ7ATP7w$_$4,语音,4.427018,0.540000,4.040000,74,50,9,9,词,MFA,/Users/wangyiming/Desktop/E题/E题数据/附件1-数据集原始多模态样本/MOSEI数据集部分原始视频-100条/-s9qJ7ATP7w/4.mp4,/Users/wangyiming/Desktop/E题/problem1/work/mfa_corpus/-s9qJ7ATP7w__4.wav,ed16431b29114afc0ca32c2ae42cb009a4bb1c91df404f0cb19b7bbd27b93935
94,93,95,-s9qJ7ATP7w$_$4,视觉,4.427018,0.540000,4.040000,35,50,9,9,词,MFA,/Users/wangyiming/Desktop/E题/E题数据/附件1-数据集原始多模态样本/MOSEI数据集部分原始视频-100条/-s9qJ7ATP7w/4.mp4,/Users/wangyiming/Desktop/E题/problem1/work/openface/-s9qJ7ATP7w__4/4.csv,ed16431b29114afc0ca32c2ae42cb009a4bb1c91df404f0cb19b7bbd27b93935
95,94,96,-s9qJ7ATP7w$_$7,文本,6.966016,0.480000,6.660000,768,50,28,28,词,MFA,/Users/wangyiming/Desktop/E题/E题数据/附件1-数据集原始多模态样本/MOSEI数据集部分原始视频-100条/-s9qJ7ATP7w/7.mp4,/Users/wangyiming/Desktop/E题/problem1/work/mfa_corpus/-s9qJ7ATP7w__7.lab,c67e4dec4993e2e95af826e438bdadc70cc6f18aaa6da8f0835c4117dc47192e
95,94,96,-s9qJ7ATP7w$_$7,语音,6.966016,0.480000,6.660000,74,50,28,28,词,MFA,/Users/wangyiming/Desktop/E题/E题数据/附件1-数据集原始多模态样本/MOSEI数据集部分原始视频-100条/-s9qJ7ATP7w/7.mp4,/Users/wangyiming/Desktop/E题/problem1/work/mfa_corpus/-s9qJ7ATP7w__7.wav,c67e4dec4993e2e95af826e438bdadc70cc6f18aaa6da8f0835c4117dc47192e
95,94,96,-s9qJ7ATP7w$_$7,视觉,6.966016,0.480000,6.660000,35,50,28,20,词,MFA,/Users/wangyiming/Desktop/E题/E题数据/附件1-数据集原始多模态样本/MOSEI数据集部分原始视频-100条/-s9qJ7ATP7w/7.mp4,/Users/wangyiming/Desktop/E题/problem1/work/openface/-s9qJ7ATP7w__7/7.csv,c67e4dec4993e2e95af826e438bdadc70cc6f18aaa6da8f0835c4117dc47192e
96,95,97,-s9qJ7ATP7w$_$6,文本,2.475000,0.000000,1.960000,768,50,5,5,词,MFA,/Users/wangyiming/Desktop/E题/E题数据/附件1-数据集原始多模态样本/MOSEI数据集部分原始视频-100条/-s9qJ7ATP7w/6.mp4,/Users/wangyiming/Desktop/E题/problem1/work/mfa_corpus/-s9qJ7ATP7w__6.lab,540c3240d507a4e86c8299a9769722ed27358eacac4eb726281f46ad9730a039
96,95,97,-s9qJ7ATP7w$_$6,语音,2.475000,0.000000,1.960000,74,50,5,5,词,MFA,/Users/wangyiming/Desktop/E题/E题数据/附件1-数据集原始多模态样本/MOSEI数据集部分原始视频-100条/-s9qJ7ATP7w/6.mp4,/Users/wangyiming/Desktop/E题/problem1/work/mfa_corpus/-s9qJ7ATP7w__6.wav,540c3240d507a4e86c8299a9769722ed27358eacac4eb726281f46ad9730a039
96,95,97,-s9qJ7ATP7w$_$6,视觉,2.475000,0.000000,1.960000,35,50,5,5,词,MFA,/Users/wangyiming/Desktop/E题/E题数据/附件1-数据集原始多模态样本/MOSEI数据集部分原始视频-100条/-s9qJ7ATP7w/6.mp4,/Users/wangyiming/Desktop/E题/problem1/work/openface/-s9qJ7ATP7w__6/6.csv,540c3240d507a4e86c8299a9769722ed27358eacac4eb726281f46ad9730a039
97,96,98,-s9qJ7ATP7w$_$8,文本,3.294987,0.500000,2.960000,768,50,12,12,词,MFA,/Users/wangyiming/Desktop/E题/E题数据/附件1-数据集原始多模态样本/MOSEI数据集部分原始视频-100条/-s9qJ7ATP7w/8.mp4,/Users/wangyiming/Desktop/E题/problem1/work/mfa_corpus/-s9qJ7ATP7w__8.lab,1d13a72d55d793fd97727df71cfb0a249560062b5a1d6bb38ca86d823e261fcc
97,96,98,-s9qJ7ATP7w$_$8,语音,3.294987,0.500000,2.960000,74,50,12,12,词,MFA,/Users/wangyiming/Desktop/E题/E题数据/附件1-数据集原始多模态样本/MOSEI数据集部分原始视频-100条/-s9qJ7ATP7w/8.mp4,/Users/wangyiming/Desktop/E题/problem1/work/mfa_corpus/-s9qJ7ATP7w__8.wav,1d13a72d55d793fd97727df71cfb0a249560062b5a1d6bb38ca86d823e261fcc
97,96,98,-s9qJ7ATP7w$_$8,视觉,3.294987,0.500000,2.960000,35,50,12,12,词,MFA,/Users/wangyiming/Desktop/E题/E题数据/附件1-数据集原始多模态样本/MOSEI数据集部分原始视频-100条/-s9qJ7ATP7w/8.mp4,/Users/wangyiming/Desktop/E题/problem1/work/openface/-s9qJ7ATP7w__8/8.csv,1d13a72d55d793fd97727df71cfb0a249560062b5a1d6bb38ca86d823e261fcc
98,97,99,-yRb-Jum7EQ$_$1,文本,29.288021,0.500000,28.820000,768,50,49,49,词,MFA,/Users/wangyiming/Desktop/E题/E题数据/附件1-数据集原始多模态样本/MOSEI数据集部分原始视频-100条/-yRb-Jum7EQ/1.mp4,/Users/wangyiming/Desktop/E题/problem1/work/mfa_corpus/-yRb-Jum7EQ__1.lab,3db29b5fe08158712ff5a3be7ca60d3250fe8a5f19fca794af884b6eddfc9521
98,97,99,-yRb-Jum7EQ$_$1,语音,29.288021,0.500000,28.820000,74,50,49,49,词,MFA,/Users/wangyiming/Desktop/E题/E题数据/附件1-数据集原始多模态样本/MOSEI数据集部分原始视频-100条/-yRb-Jum7EQ/1.mp4,/Users/wangyiming/Desktop/E题/problem1/work/mfa_corpus/-yRb-Jum7EQ__1.wav,3db29b5fe08158712ff5a3be7ca60d3250fe8a5f19fca794af884b6eddfc9521
98,97,99,-yRb-Jum7EQ$_$1,视觉,29.288021,0.500000,28.820000,35,50,49,49,词,MFA,/Users/wangyiming/Desktop/E题/E题数据/附件1-数据集原始多模态样本/MOSEI数据集部分原始视频-100条/-yRb-Jum7EQ/1.mp4,/Users/wangyiming/Desktop/E题/problem1/work/openface/-yRb-Jum7EQ__1/1.csv,3db29b5fe08158712ff5a3be7ca60d3250fe8a5f19fca794af884b6eddfc9521
99,98,100,-yRb-Jum7EQ$_$5,文本,13.169010,0.060000,13.044562,768,50,25,25,词,MFA,/Users/wangyiming/Desktop/E题/E题数据/附件1-数据集原始多模态样本/MOSEI数据集部分原始视频-100条/-yRb-Jum7EQ/5.mp4,/Users/wangyiming/Desktop/E题/problem1/work/mfa_corpus/-yRb-Jum7EQ__5.lab,bc3d2a1cf48622c2c95ac5dd845e300135aa5e857b6028aeb01b686073de450c
99,98,100,-yRb-Jum7EQ$_$5,语音,13.169010,0.060000,13.044562,74,50,25,25,词,MFA,/Users/wangyiming/Desktop/E题/E题数据/附件1-数据集原始多模态样本/MOSEI数据集部分原始视频-100条/-yRb-Jum7EQ/5.mp4,/Users/wangyiming/Desktop/E题/problem1/work/mfa_corpus/-yRb-Jum7EQ__5.wav,bc3d2a1cf48622c2c95ac5dd845e300135aa5e857b6028aeb01b686073de450c
99,98,100,-yRb-Jum7EQ$_$5,视觉,13.169010,0.060000,13.044562,35,50,25,25,词,MFA,/Users/wangyiming/Desktop/E题/E题数据/附件1-数据集原始多模态样本/MOSEI数据集部分原始视频-100条/-yRb-Jum7EQ/5.mp4,/Users/wangyiming/Desktop/E题/problem1/work/openface/-yRb-Jum7EQ__5/5.csv,bc3d2a1cf48622c2c95ac5dd845e300135aa5e857b6028aeb01b686073de450c
100,99,101,-yRb-Jum7EQ$_$6,文本,11.241995,0.410000,10.970000,768,50,19,19,词,MFA,/Users/wangyiming/Desktop/E题/E题数据/附件1-数据集原始多模态样本/MOSEI数据集部分原始视频-100条/-yRb-Jum7EQ/6.mp4,/Users/wangyiming/Desktop/E题/problem1/work/mfa_corpus/-yRb-Jum7EQ__6.lab,6a4981f420b782a67ccf0e6e26fa55d976b75762db3a806b33fe10d05bad8401
100,99,101,-yRb-Jum7EQ$_$6,语音,11.241995,0.410000,10.970000,74,50,19,19,词,MFA,/Users/wangyiming/Desktop/E题/E题数据/附件1-数据集原始多模态样本/MOSEI数据集部分原始视频-100条/-yRb-Jum7EQ/6.mp4,/Users/wangyiming/Desktop/E题/problem1/work/mfa_corpus/-yRb-Jum7EQ__6.wav,6a4981f420b782a67ccf0e6e26fa55d976b75762db3a806b33fe10d05bad8401
100,99,101,-yRb-Jum7EQ$_$6,视觉,11.241995,0.410000,10.970000,35,50,19,19,词,MFA,/Users/wangyiming/Desktop/E题/E题数据/附件1-数据集原始多模态样本/MOSEI数据集部分原始视频-100条/-yRb-Jum7EQ/6.mp4,/Users/wangyiming/Desktop/E题/problem1/work/openface/-yRb-Jum7EQ__6/6.csv,6a4981f420b782a67ccf0e6e26fa55d976b75762db3a806b33fe10d05bad8401
