id,modality,position,importance
01,text,0,0.0
01,text,1,0.12230690568685532
01,text,2,0.14839926920831203
01,text,3,0.1708365407857028
01,text,4,0.14122544343654925
01,text,5,0.12404679826327733
01,text,6,0.10639795448098864
01,text,7,0.08127428378377642
01,text,8,0.06543621633734022
01,text,9,0.052077150770596096
01,text,10,0.023033885019166127
01,text,11,0.0
01,text,12,0.0
01,text,13,0.0
01,text,14,0.0008634541715894427
01,text,15,0.001631570713860648
01,text,16,0.001631570713860648
01,text,17,0.0
01,text,18,0.0
01,text,19,0.0013802051544189453
01,text,20,0.0072431781075217505
01,text,21,0.01493735983967781
01,text,22,0.025099992752075195
01,text,23,0.0
01,text,24,0.0
01,text,25,0.0
01,text,26,0.0
01,text,27,0.0
01,text,28,0.0
01,text,29,0.0
01,text,30,0.0
01,text,31,0.0
01,text,32,0.0
01,text,33,0.0
01,text,34,0.0
01,text,35,0.0
01,text,36,0.0
01,text,37,0.0
01,text,38,0.0
01,text,39,0.0
01,text,40,0.0
01,text,41,0.0
01,text,42,0.0
01,text,43,0.0
01,text,44,0.0
01,text,45,0.0
01,text,46,0.0
01,text,47,0.0
01,text,48,0.0
01,text,49,0.0
01,audio,0,0.0
01,audio,1,0.0
01,audio,2,0.0
01,audio,3,0.0
01,audio,4,0.0
01,audio,5,0.0
01,audio,6,0.0
01,audio,7,0.001199960708618164
01,audio,8,0.005519317729132516
01,audio,9,0.006375770483698163
01,audio,10,0.007462782519204276
01,audio,11,0.004510236637932914
01,audio,12,0.010488797511373247
01,audio,13,0.01380167475768498
01,audio,14,0.02587621978351048
01,audio,15,0.043760097452572415
01,audio,16,0.06859873448099409
01,audio,17,0.09936369529792241
01,audio,18,0.1508675558226449
01,audio,19,0.1900476606992575
01,audio,20,0.20524519817395645
01,audio,21,0.20953169651329517
01,audio,22,0.2228183038532734
01,audio,23,0.0
01,audio,24,0.0
01,audio,25,0.0
01,audio,26,0.0
01,audio,27,0.0
01,audio,28,0.0
01,audio,29,0.0
01,audio,30,0.0
01,audio,31,0.0
01,audio,32,0.0
01,audio,33,0.0
01,audio,34,0.0
01,audio,35,0.0
01,audio,36,0.0
01,audio,37,0.0
01,audio,38,0.0
01,audio,39,0.0
01,audio,40,0.0
01,audio,41,0.0
01,audio,42,0.0
01,audio,43,0.0
01,audio,44,0.0
01,audio,45,0.0
01,audio,46,0.0
01,audio,47,0.0
01,audio,48,0.0
01,audio,49,0.0
01,vision,0,0.0
01,vision,1,0.115203145891428
01,vision,2,0.11037316359579563
01,vision,3,0.11130893094973131
01,vision,4,0.10365386536488166
01,vision,5,0.0808119507772582
01,vision,6,0.051372883575303216
01,vision,7,0.029876481209482466
01,vision,8,0.012056418827601842
01,vision,9,0.0014930090733936854
01,vision,10,0.0015324120010648454
01,vision,11,0.003343056355203901
01,vision,12,0.004582456180027553
01,vision,13,0.004943213292530605
01,vision,14,0.0030821923698697773
01,vision,15,0.0
01,vision,16,0.0
01,vision,17,0.0
01,vision,18,0.0
01,vision,19,0.0
01,vision,20,0.0
01,vision,21,0.0
01,vision,22,0.0
01,vision,23,0.0
01,vision,24,0.0
01,vision,25,0.0
01,vision,26,0.0
01,vision,27,0.0
01,vision,28,0.0
01,vision,29,0.0
01,vision,30,0.0
01,vision,31,0.0
01,vision,32,0.0
01,vision,33,0.0
01,vision,34,0.0
01,vision,35,0.0
01,vision,36,0.0
01,vision,37,0.0
01,vision,38,0.0
01,vision,39,0.0
01,vision,40,0.0
01,vision,41,0.0
01,vision,42,0.0
01,vision,43,0.0
01,vision,44,0.0
01,vision,45,0.0
01,vision,46,0.0
01,vision,47,0.0
01,vision,48,0.0
01,vision,49,0.0
02,text,0,0.0
02,text,1,0.013500913977622986
02,text,2,0.006750456988811493
02,text,3,0.003011711619117043
02,text,4,0.0
02,text,5,0.005665796143668038
02,text,6,0.0438142546585628
02,text,7,0.07775423389214736
02,text,8,0.12825739654627713
02,text,9,0.20118939131498337
02,text,10,0.32781943678855896
02,text,11,0.0
02,text,12,0.0
02,text,13,0.0
02,text,14,0.0
02,text,15,0.0
02,text,16,0.0
02,text,17,0.0
02,text,18,0.0
02,text,19,0.0
02,text,20,0.0
02,text,21,0.0
02,text,22,0.0
02,text,23,0.0
02,text,24,0.0
02,text,25,0.0
02,text,26,0.0
02,text,27,0.0
02,text,28,0.0
02,text,29,0.0
02,text,30,0.0
02,text,31,0.0
02,text,32,0.0
02,text,33,0.0
02,text,34,0.0
02,text,35,0.0
02,text,36,0.0
02,text,37,0.0
02,text,38,0.0
02,text,39,0.0
02,text,40,0.0
02,text,41,0.0
02,text,42,0.0
02,text,43,0.0
02,text,44,0.0
02,text,45,0.0
02,text,46,0.0
02,text,47,0.0
02,text,48,0.0
02,text,49,0.0
02,audio,0,0.0
02,audio,1,0.03040861338376999
02,audio,2,0.018466610461473465
02,audio,3,0.010398517955433239
02,audio,4,0.004365579440043523
02,audio,5,0.0006720977170126778
02,audio,6,0.0038678220340183805
02,audio,7,0.013254986359522892
02,audio,8,0.02055434747175737
02,audio,9,0.024804480373859406
02,audio,10,0.028393663465976715
02,audio,11,0.0
02,audio,12,0.011317215859889984
02,audio,13,0.027952786535024643
02,audio,14,0.04118206284262917
02,audio,15,0.048471840719381966
02,audio,16,0.051511994817040184
02,audio,17,0.0492812804877758
02,audio,18,0.0339030995965004
02,audio,19,0.0
02,audio,20,0.0
02,audio,21,0.0
02,audio,22,0.0
02,audio,23,0.0
02,audio,24,0.0
02,audio,25,0.0
02,audio,26,0.0
02,audio,27,0.0
02,audio,28,0.0
02,audio,29,0.0
02,audio,30,0.0
02,audio,31,0.0
02,audio,32,0.0
02,audio,33,0.0
02,audio,34,0.0
02,audio,35,0.0
02,audio,36,0.0
02,audio,37,0.0
02,audio,38,0.0
02,audio,39,0.0
02,audio,40,0.0
02,audio,41,0.0
02,audio,42,0.0
02,audio,43,0.0
02,audio,44,0.0
02,audio,45,0.0
02,audio,46,0.0
02,audio,47,0.0
02,audio,48,0.0
02,audio,49,0.0
02,vision,0,0.0
02,vision,1,0.01960374414920807
02,vision,2,0.01459391787648201
02,vision,3,0.010200446302240545
02,vision,4,0.007588450725261982
02,vision,5,0.005267153893198285
02,vision,6,0.0028433501720428467
02,vision,7,0.0028333961963653564
02,vision,8,0.0032366487112912264
02,vision,9,0.0035580694675445557
02,vision,10,0.004557624459266663
02,vision,11,0.0
02,vision,12,0.0
02,vision,13,0.0
02,vision,14,0.0
02,vision,15,0.0
02,vision,16,0.0
02,vision,17,0.0
02,vision,18,0.0
02,vision,19,0.0
02,vision,20,0.0
02,vision,21,0.0
02,vision,22,0.0
02,vision,23,0.0
02,vision,24,0.0
02,vision,25,0.0
02,vision,26,0.0
02,vision,27,0.0
02,vision,28,0.0
02,vision,29,0.0
02,vision,30,0.0
02,vision,31,0.0
02,vision,32,0.0
02,vision,33,0.0
02,vision,34,0.0
02,vision,35,0.0
02,vision,36,0.0
02,vision,37,0.0
02,vision,38,0.0
02,vision,39,0.0
02,vision,40,0.0
02,vision,41,0.0
02,vision,42,0.0
02,vision,43,0.0
02,vision,44,0.0
02,vision,45,0.0
02,vision,46,0.0
02,vision,47,0.0
02,vision,48,0.0
02,vision,49,0.0
03,text,0,0.0
03,text,1,0.0873214527964592
03,text,2,0.0965656116604805
03,text,3,0.11448498747565529
03,text,4,0.13274016747107872
03,text,5,0.10875104580606733
03,text,6,0.09032246257577624
03,text,7,0.07158535506044116
03,text,8,0.052080512046813965
03,text,9,0.04094189831188747
03,text,10,0.044363324131284444
03,text,11,0.05111949571541378
03,text,12,0.06218865088054112
03,text,13,0.06701245052473885
03,text,14,0.08038799677576337
03,text,15,0.09447248705795833
03,text,16,0.080802321434021
03,text,17,0.050538750631468635
03,text,18,0.018928449068750654
03,text,19,0.006153856004987445
03,text,20,0.0
03,text,21,0.0
03,text,22,0.0005271159685575045
03,text,23,0.0006229552355679599
03,text,24,0.0
03,text,25,0.0
03,text,26,0.0
03,text,27,0.0
03,text,28,0.0
03,text,29,5.2547454833984376e-05
03,text,30,0.00219501256942749
03,text,31,0.0026780813932418823
03,text,32,0.0024372488260269165
03,text,33,0.0
03,text,34,0.0
03,text,35,0.0
03,text,36,0.0
03,text,37,0.0
03,text,38,0.0
03,text,39,0.0
03,text,40,0.0
03,text,41,0.0
03,text,42,0.0
03,text,43,0.0
03,text,44,0.0
03,text,45,0.0
03,text,46,0.0
03,text,47,0.0
03,text,48,0.0
03,text,49,0.0
03,audio,0,0.0
03,audio,1,0.06898824870586395
03,audio,2,0.0704510249197483
03,audio,3,0.07636903632770885
03,audio,4,0.07996730621044452
03,audio,5,0.06745290969099317
03,audio,6,0.05015863903931209
03,audio,7,0.03513558208942413
03,audio,8,0.026492502008165632
03,audio,9,0.02619538562638419
03,audio,10,0.02071754421506609
03,audio,11,0.015620810644967216
03,audio,12,0.004606102194104876
03,audio,13,0.005374320915767125
03,audio,14,0.01093689032963344
03,audio,15,0.02432210530553545
03,audio,16,0.04107558727264404
03,audio,17,0.057638968740190775
03,audio,18,0.07340109986918313
03,audio,19,0.06844887350286756
03,audio,20,0.04581549550805773
03,audio,21,0.01475984709603446
03,audio,22,0.001956174006828895
03,audio,23,0.0
03,audio,24,0.0
03,audio,25,0.0
03,audio,26,0.0
03,audio,27,0.0
03,audio,28,0.0
03,audio,29,0.0
03,audio,30,0.0
03,audio,31,0.0
03,audio,32,0.0
03,audio,33,0.0
03,audio,34,0.0
03,audio,35,0.0
03,audio,36,0.0
03,audio,37,0.0
03,audio,38,0.0
03,audio,39,0.0
03,audio,40,0.0
03,audio,41,0.0
03,audio,42,0.0
03,audio,43,0.0
03,audio,44,0.0
03,audio,45,0.0
03,audio,46,0.0
03,audio,47,0.0
03,audio,48,0.0
03,audio,49,0.0
03,vision,0,0.0
03,vision,1,0.0
03,vision,2,0.0
03,vision,3,5.5708668448708274e-05
03,vision,4,4.713810407198392e-05
03,vision,5,0.0
03,vision,6,0.0
03,vision,7,0.0
03,vision,8,0.0
03,vision,9,0.0
03,vision,10,0.0
03,vision,11,0.0
03,vision,12,0.0020470406327928814
03,vision,13,0.008684217929840088
03,vision,14,0.01605416621480669
03,vision,15,0.020641433341162547
03,vision,16,0.024102521794182912
03,vision,17,0.02637170042310442
03,vision,18,0.02847526328904288
03,vision,19,0.027653489794049944
03,vision,20,0.023763971669333323
03,vision,21,0.01668874280793326
03,vision,22,0.011159039460695706
03,vision,23,0.009065871888940985
03,vision,24,0.010060906410217285
03,vision,25,0.012595057487487793
03,vision,26,0.0
03,vision,27,0.01967082917690277
03,vision,28,0.015725642442703247
03,vision,29,0.011072909832000733
03,vision,30,0.00928768515586853
03,vision,31,0.008460700511932373
03,vision,32,0.010669171810150146
03,vision,33,0.0
03,vision,34,0.0
03,vision,35,0.0
03,vision,36,0.0
03,vision,37,0.0
03,vision,38,0.0
03,vision,39,0.0
03,vision,40,0.0
03,vision,41,0.0
03,vision,42,0.0
03,vision,43,0.0
03,vision,44,0.0
03,vision,45,0.0
03,vision,46,0.0
03,vision,47,0.0
03,vision,48,0.0
03,vision,49,0.0
04,text,0,0.0
04,text,1,0.011511966586112976
04,text,2,0.024430714547634125
04,text,3,0.06574717434969815
04,text,4,0.09392355726315425
04,text,5,0.13430300125708947
04,text,6,0.1892261180010709
04,text,7,0.2801288366317749
04,text,8,0.26606590300798416
04,text,9,0.0
04,text,10,0.017725691199302673
04,text,11,0.04863687604665756
04,text,12,0.08219821886582808
04,text,13,0.11621071398258209
04,text,14,0.1578339229930531
04,text,15,0.147769033908844
04,text,16,0.13131427764892578
04,text,17,0.0
04,text,18,0.12057620286941528
04,text,19,0.12057620286941528
04,text,20,0.0
04,text,21,0.0
04,text,22,0.0
04,text,23,0.0
04,text,24,0.0
04,text,25,0.0
04,text,26,0.0
04,text,27,0.0
04,text,28,0.0
04,text,29,0.0
04,text,30,0.0
04,text,31,0.0
04,text,32,0.0
04,text,33,0.0
04,text,34,0.0
04,text,35,0.0
04,text,36,0.0
04,text,37,0.0
04,text,38,0.0
04,text,39,0.0
04,text,40,0.0
04,text,41,0.0
04,text,42,0.0
04,text,43,0.0
04,text,44,0.0
04,text,45,0.0
04,text,46,0.0
04,text,47,0.0
04,text,48,0.0
04,text,49,0.0
04,audio,0,0.0
04,audio,1,0.05261506140232086
04,audio,2,0.04333087056875229
04,audio,3,0.03626013885844837
04,audio,4,0.030205249786376953
04,audio,5,0.022275227766770583
04,audio,6,0.0080004713752053
04,audio,7,0.000193081796169281
04,audio,8,0.0
04,audio,9,0.0
04,audio,10,0.05652917921543121
04,audio,11,0.06169886142015457
04,audio,12,0.07061204585162076
04,audio,13,0.08028555909792583
04,audio,14,0.08554274927486073
04,audio,15,0.08421985805034637
04,audio,16,0.07943734526634216
04,audio,17,0.0
04,audio,18,0.023631811141967773
04,audio,19,0.023631811141967773
04,audio,20,0.0
04,audio,21,0.0
04,audio,22,0.0
04,audio,23,0.0
04,audio,24,0.0
04,audio,25,0.0
04,audio,26,0.0
04,audio,27,0.0
04,audio,28,0.0
04,audio,29,0.0
04,audio,30,0.0
04,audio,31,0.0
04,audio,32,0.0
04,audio,33,0.0
04,audio,34,0.0
04,audio,35,0.0
04,audio,36,0.0
04,audio,37,0.0
04,audio,38,0.0
04,audio,39,0.0
04,audio,40,0.0
04,audio,41,0.0
04,audio,42,0.0
04,audio,43,0.0
04,audio,44,0.0
04,audio,45,0.0
04,audio,46,0.0
04,audio,47,0.0
04,audio,48,0.0
04,audio,49,0.0
04,vision,0,0.0
04,vision,1,0.0
04,vision,2,0.0
04,vision,3,0.0
04,vision,4,0.0
04,vision,5,0.0
04,vision,6,0.0
04,vision,7,0.0
04,vision,8,0.0
04,vision,9,0.0
04,vision,10,0.046866610646247864
04,vision,11,0.05395028740167618
04,vision,12,0.05679324540224942
04,vision,13,0.05562457938989004
04,vision,14,0.051613146608526055
04,vision,15,0.04381021857261658
04,vision,16,0.03521241247653961
04,vision,17,0.0
04,vision,18,0.0005193352699279785
04,vision,19,0.0005193352699279785
04,vision,20,0.0
04,vision,21,0.0
04,vision,22,0.0
04,vision,23,0.0
04,vision,24,0.01118546724319458
04,vision,25,0.01118546724319458
04,vision,26,0.0
04,vision,27,0.0
04,vision,28,0.0
04,vision,29,0.0
04,vision,30,0.0
04,vision,31,0.0
04,vision,32,0.0
04,vision,33,0.0
04,vision,34,0.0
04,vision,35,0.0
04,vision,36,0.0
04,vision,37,0.0
04,vision,38,0.0
04,vision,39,0.0
04,vision,40,0.0
04,vision,41,0.0
04,vision,42,0.0
04,vision,43,0.0
04,vision,44,0.0
04,vision,45,0.0
04,vision,46,0.0
04,vision,47,0.0
04,vision,48,0.0
04,vision,49,0.0
05,text,0,0.0
05,text,1,0.0
05,text,2,0.0
05,text,3,0.23506424824396768
05,text,4,0.23322936296463012
05,text,5,0.1969924807548523
05,text,6,0.13442293802897134
05,text,7,0.0
05,text,8,0.0
05,text,9,0.0
05,text,10,0.0
05,text,11,0.0
05,text,12,0.0
05,text,13,0.0
05,text,14,0.0
05,text,15,0.0
05,text,16,0.0
05,text,17,0.0
05,text,18,0.0
05,text,19,0.0
05,text,20,0.0
05,text,21,0.0
05,text,22,0.0
05,text,23,0.0
05,text,24,0.0
05,text,25,0.0
05,text,26,0.0
05,text,27,0.0
05,text,28,0.0
05,text,29,0.0
05,text,30,0.0
05,text,31,0.0
05,text,32,0.0
05,text,33,0.0
05,text,34,0.0
05,text,35,0.0
05,text,36,0.0
05,text,37,0.0
05,text,38,0.0
05,text,39,0.0
05,text,40,0.0
05,text,41,0.0
05,text,42,0.0
05,text,43,0.0
05,text,44,0.0
05,text,45,0.0
05,text,46,0.0
05,text,47,0.0
05,text,48,0.0
05,text,49,0.0
05,audio,0,0.0
05,audio,1,0.0
05,audio,2,0.0
05,audio,3,0.0
05,audio,4,0.0
05,audio,5,0.0
05,audio,6,0.0
05,audio,7,0.0
05,audio,8,0.019759148359298706
05,audio,9,0.04870238155126572
05,audio,10,0.07219743728637695
05,audio,11,0.08482742806275685
05,audio,12,0.10237490047108043
05,audio,13,0.12141352891921997
05,audio,14,0.13045257329940796
05,audio,15,0.0
05,audio,16,0.0
05,audio,17,0.0
05,audio,18,0.0
05,audio,19,0.0
05,audio,20,0.0
05,audio,21,0.0
05,audio,22,0.0
05,audio,23,0.0
05,audio,24,0.0
05,audio,25,0.0
05,audio,26,0.0
05,audio,27,0.0
05,audio,28,0.0
05,audio,29,0.0
05,audio,30,0.0
05,audio,31,0.0
05,audio,32,0.0
05,audio,33,0.0
05,audio,34,0.0
05,audio,35,0.0
05,audio,36,0.0
05,audio,37,0.0
05,audio,38,0.0
05,audio,39,0.0
05,audio,40,0.0
05,audio,41,0.0
05,audio,42,0.0
05,audio,43,0.0
05,audio,44,0.0
05,audio,45,0.0
05,audio,46,0.0
05,audio,47,0.0
05,audio,48,0.0
05,audio,49,0.0
05,vision,0,0.0
05,vision,1,0.0
05,vision,2,0.0
05,vision,3,0.19687839349110922
05,vision,4,0.1798117995262146
05,vision,5,0.17645246982574464
05,vision,6,0.18669156233469644
05,vision,7,0.0
05,vision,8,0.0018325895071029663
05,vision,9,0.0009162947535514832
05,vision,10,0.0
05,vision,11,0.0
05,vision,12,0.0
05,vision,13,0.0
05,vision,14,0.0
05,vision,15,0.0
05,vision,16,0.0
05,vision,17,0.0
05,vision,18,0.0
05,vision,19,0.0
05,vision,20,0.0
05,vision,21,0.0
05,vision,22,0.0
05,vision,23,0.0
05,vision,24,0.0
05,vision,25,0.0
05,vision,26,0.0
05,vision,27,0.0
05,vision,28,0.0
05,vision,29,0.0
05,vision,30,0.0
05,vision,31,0.0
05,vision,32,0.0
05,vision,33,0.0
05,vision,34,0.0
05,vision,35,0.0
05,vision,36,0.0
05,vision,37,0.0
05,vision,38,0.0
05,vision,39,0.0
05,vision,40,0.0
05,vision,41,0.0
05,vision,42,0.0
05,vision,43,0.0
05,vision,44,0.0
05,vision,45,0.0
05,vision,46,0.0
05,vision,47,0.0
05,vision,48,0.0
05,vision,49,0.0
06,text,0,0.0
06,text,1,0.0
06,text,2,0.0008387863636016846
06,text,3,0.0033123926682905717
06,text,4,0.005475401878356934
06,text,5,0.007608907563345773
06,text,6,0.011529794761112757
06,text,7,0.007430570466177804
06,text,8,0.0025108685860267053
06,text,9,0.0014749115163629706
06,text,10,0.0008439421653747559
06,text,11,0.0
06,text,12,0.0
06,text,13,0.0
06,text,14,0.0
06,text,15,0.0
06,text,16,0.0
06,text,17,0.0
06,text,18,0.0
06,text,19,0.0
06,text,20,0.13103601336479187
06,text,21,0.1222393661737442
06,text,22,0.07576291127638383
06,text,23,0.04429351366483248
06,text,24,0.02465787104197911
06,text,25,0.007512245859418597
06,text,26,0.0
06,text,27,0.0
06,text,28,0.0
06,text,29,0.0
06,text,30,0.0077893223081316266
06,text,31,0.041513962405068536
06,text,32,0.08007179773770846
06,text,33,0.1435496969656511
06,text,34,0.24351861327886581
06,text,35,0.35121770203113556
06,text,36,0.0
06,text,37,0.0
06,text,38,0.0
06,text,39,0.0
06,text,40,0.0
06,text,41,0.0
06,text,42,0.0
06,text,43,0.0
06,text,44,0.0
06,text,45,0.0
06,text,46,0.0
06,text,47,0.0
06,text,48,0.0
06,text,49,0.0
06,audio,0,0.0
06,audio,1,0.01439926028251648
06,audio,2,0.013808712363243103
06,audio,3,0.01258750395341353
06,audio,4,0.010468317912175106
06,audio,5,0.008059101445334298
06,audio,6,0.004921112741742816
06,audio,7,0.0033339006560189383
06,audio,8,0.004366672956026518
06,audio,9,0.004925749518654563
06,audio,10,0.0026157796382904053
06,audio,11,0.0016541481018066406
06,audio,12,0.0
06,audio,13,0.0
06,audio,14,0.0
06,audio,15,0.0
06,audio,16,0.0
06,audio,17,0.0
06,audio,18,0.0
06,audio,19,0.0
06,audio,20,0.06900495290756226
06,audio,21,0.09101812541484833
06,audio,22,0.1061620062047785
06,audio,23,0.11760420065659744
06,audio,24,0.11671443496431623
06,audio,25,0.0885447519166129
06,audio,26,0.05220196076801845
06,audio,27,0.02627549852643694
06,audio,28,0.009583745683942522
06,audio,29,0.0018156000546046666
06,audio,30,0.0
06,audio,31,0.0
06,audio,32,0.0
06,audio,33,0.0
06,audio,34,0.0
06,audio,35,0.0
06,audio,36,0.0
06,audio,37,0.0
06,audio,38,0.0
06,audio,39,0.0
06,audio,40,0.0
06,audio,41,0.0
06,audio,42,0.0
06,audio,43,0.0
06,audio,44,0.0
06,audio,45,0.0
06,audio,46,0.0
06,audio,47,0.0
06,audio,48,0.0
06,audio,49,0.0
06,vision,0,0.0
06,vision,1,0.013009786605834961
06,vision,2,0.013311237096786499
06,vision,3,0.013483621857383034
06,vision,4,0.013847754551814152
06,vision,5,0.01366783891405378
06,vision,6,0.01163954394204276
06,vision,7,0.008272945880889893
06,vision,8,0.005359704677875225
06,vision,9,0.0027915130962025037
06,vision,10,0.0006821751594543457
06,vision,11,0.0
06,vision,12,0.0
06,vision,13,0.0
06,vision,14,0.0
06,vision,15,0.0
06,vision,16,0.0
06,vision,17,0.0
06,vision,18,0.0
06,vision,19,0.0
06,vision,20,0.0
06,vision,21,0.0
06,vision,22,0.00023178620771928266
06,vision,23,0.001107940307030311
06,vision,24,0.0035520877156938824
06,vision,25,0.006359943321772984
06,vision,26,0.008889973163604736
06,vision,27,0.01004253966467721
06,vision,28,0.010504943983895438
06,vision,29,0.010962247848510742
06,vision,30,0.011282622814178467
06,vision,31,0.011468572275979179
06,vision,32,0.011098925883953389
06,vision,33,0.010363232005726208
06,vision,34,0.009869605302810669
06,vision,35,0.01032152771949768
06,vision,36,0.0
06,vision,37,0.0
06,vision,38,0.0
06,vision,39,0.0
06,vision,40,0.0
06,vision,41,0.0
06,vision,42,0.0
06,vision,43,0.0
06,vision,44,0.0
06,vision,45,0.0
06,vision,46,0.0
06,vision,47,0.0
06,vision,48,0.0
06,vision,49,0.0
07,text,0,0.0
07,text,1,0.0
07,text,2,0.0
07,text,3,0.0
07,text,4,0.0
07,text,5,0.0
07,text,6,0.0
07,text,7,0.0
07,text,8,0.0
07,text,9,0.0
07,text,10,0.0
07,text,11,0.0
07,text,12,0.0
07,text,13,0.0
07,text,14,0.0
07,text,15,0.0
07,text,16,0.0
07,text,17,0.0
07,text,18,0.0
07,text,19,0.0
07,text,20,0.0
07,text,21,0.6401686817407608
07,text,22,0.36892925947904587
07,text,23,0.2438908110965382
07,text,24,0.17993920124494112
07,text,25,0.11684373708871695
07,text,26,0.05644165385853161
07,text,27,0.03702478110790253
07,text,28,0.020583540201187134
07,text,29,0.0
07,text,30,0.0
07,text,31,0.0
07,text,32,0.0
07,text,33,0.0
07,text,34,0.0
07,text,35,0.0
07,text,36,0.0
07,text,37,0.0
07,text,38,0.0
07,text,39,0.0
07,text,40,0.0
07,text,41,0.0
07,text,42,0.0
07,text,43,0.0
07,text,44,0.0
07,text,45,0.0
07,text,46,0.0
07,text,47,0.0
07,text,48,0.0
07,text,49,0.0
07,audio,0,0.0
07,audio,1,0.013150185346603394
07,audio,2,0.006710231304168701
07,audio,3,0.003655520352450284
07,audio,4,0.0020766258239746094
07,audio,5,0.0010275585310799734
07,audio,6,8.729525974818639e-05
07,audio,7,0.0
07,audio,8,0.0
07,audio,9,0.0
07,audio,10,9.715557098388672e-06
07,audio,11,9.715557098388672e-06
07,audio,12,0.0003273657390049526
07,audio,13,0.002644453729901995
07,audio,14,0.004651995805593638
07,audio,15,0.007692705501209606
07,audio,16,0.013581603765487671
07,audio,17,0.020572543144226074
07,audio,18,0.0
07,audio,19,0.0
07,audio,20,0.0
07,audio,21,0.030667930841445923
07,audio,22,0.03529532253742218
07,audio,23,0.03651814027266069
07,audio,24,0.03387912420126108
07,audio,25,0.02415146277501033
07,audio,26,0.01810375126925382
07,audio,27,0.007791876792907715
07,audio,28,0.0
07,audio,29,0.0
07,audio,30,0.0
07,audio,31,0.0004734652382986886
07,audio,32,0.0017285943031311035
07,audio,33,0.00356379577091762
07,audio,34,0.006236642599105835
07,audio,35,0.0
07,audio,36,0.019064605236053467
07,audio,37,0.014147087931632996
07,audio,38,0.010021968321366743
07,audio,39,0.010032544533411661
07,audio,40,0.00863237814469771
07,audio,41,0.005123451352119446
07,audio,42,0.0
07,audio,43,0.0
07,audio,44,0.020946502685546875
07,audio,45,0.03000850336892264
07,audio,46,0.031697601079940796
07,audio,47,0.03770933832441058
07,audio,48,0.05076777935028076
07,audio,49,0.0
07,vision,0,0.0
07,vision,1,0.0
07,vision,2,0.0
07,vision,3,0.0
07,vision,4,0.0
07,vision,5,0.0
07,vision,6,0.0
07,vision,7,0.0
07,vision,8,0.0
07,vision,9,0.0
07,vision,10,0.0
07,vision,11,0.0
07,vision,12,0.0
07,vision,13,0.0023654954774039133
07,vision,14,0.004314505136930025
07,vision,15,0.005763324824246493
07,vision,16,0.008388176560401917
07,vision,17,0.014828413724899292
07,vision,18,0.0
07,vision,19,0.0
07,vision,20,0.0
07,vision,21,0.0
07,vision,22,0.0
07,vision,23,0.0
07,vision,24,0.0
07,vision,25,0.0
07,vision,26,0.0
07,vision,27,0.0
07,vision,28,0.0
07,vision,29,0.0
07,vision,30,0.0
07,vision,31,0.0
07,vision,32,0.0
07,vision,33,0.0
07,vision,34,0.0
07,vision,35,0.0
07,vision,36,0.020195841789245605
07,vision,37,0.023898079991340637
07,vision,38,0.02772785316814076
07,vision,39,0.02918549378712972
07,vision,40,0.02988342805342241
07,vision,41,0.02990877628326416
07,vision,42,0.030805319547653198
07,vision,43,0.0
07,vision,44,0.0253753662109375
07,vision,45,0.021670494760785784
07,vision,46,0.019236907362937927
07,vision,47,0.018402167728969028
07,vision,48,0.018106967210769653
07,vision,49,0.0
08,text,0,0.0
08,text,1,0.0
08,text,2,0.0
08,text,3,0.0
08,text,4,0.0
08,text,5,0.0
08,text,6,0.0
08,text,7,0.23660090565681458
08,text,8,0.24325790575572423
08,text,9,0.20213384926319122
08,text,10,0.19264097724642074
08,text,11,0.2061951607465744
08,text,12,0.0
08,text,13,0.0
08,text,14,0.0
08,text,15,0.0
08,text,16,0.0
08,text,17,0.0
08,text,18,0.0
08,text,19,0.0
08,text,20,0.0
08,text,21,0.0
08,text,22,0.0
08,text,23,0.0
08,text,24,0.0
08,text,25,0.0
08,text,26,0.0
08,text,27,0.0
08,text,28,0.0
08,text,29,0.0
08,text,30,0.0
08,text,31,0.0
08,text,32,0.0
08,text,33,0.0
08,text,34,0.0
08,text,35,0.0
08,text,36,0.0
08,text,37,0.0
08,text,38,0.0
08,text,39,0.0
08,text,40,0.0
08,text,41,0.0
08,text,42,0.0
08,text,43,0.0
08,text,44,0.0
08,text,45,0.0
08,text,46,0.0
08,text,47,0.0
08,text,48,0.0
08,text,49,0.0
08,audio,0,0.0
08,audio,1,0.15605270862579346
08,audio,2,0.1620733141899109
08,audio,3,0.20638878643512726
08,audio,4,0.23837669406618392
08,audio,5,0.25948406755924225
08,audio,6,0.0
08,audio,7,0.0
08,audio,8,0.0
08,audio,9,0.0
08,audio,10,0.0
08,audio,11,0.0
08,audio,12,0.0
08,audio,13,0.0
08,audio,14,0.0
08,audio,15,0.0
08,audio,16,0.0
08,audio,17,0.0
08,audio,18,0.0
08,audio,19,0.0
08,audio,20,0.0
08,audio,21,0.0
08,audio,22,0.0
08,audio,23,0.0
08,audio,24,0.0
08,audio,25,0.0
08,audio,26,0.0
08,audio,27,0.0
08,audio,28,0.0
08,audio,29,0.0
08,audio,30,0.0
08,audio,31,0.0
08,audio,32,0.0
08,audio,33,0.0
08,audio,34,0.0
08,audio,35,0.0
08,audio,36,0.0
08,audio,37,0.0
08,audio,38,0.0
08,audio,39,0.0
08,audio,40,0.0
08,audio,41,0.0
08,audio,42,0.0
08,audio,43,0.0
08,audio,44,0.0
08,audio,45,0.0
08,audio,46,0.0
08,audio,47,0.0
08,audio,48,0.0
08,audio,49,0.0
08,vision,0,0.0
08,vision,1,0.0008263289928436279
08,vision,2,0.001521425587790353
08,vision,3,0.0015046074986457825
08,vision,4,0.0023206983293805805
08,vision,5,0.00144137442111969
08,vision,6,0.0
08,vision,7,0.01895640790462494
08,vision,8,0.02472519874572754
08,vision,9,0.03265248239040375
08,vision,10,0.041122760091509135
08,vision,11,0.047168344259262085
08,vision,12,0.0
08,vision,13,0.0
08,vision,14,0.0
08,vision,15,0.0
08,vision,16,0.0
08,vision,17,0.0
08,vision,18,0.0
08,vision,19,0.0
08,vision,20,0.0
08,vision,21,0.0
08,vision,22,0.0
08,vision,23,0.0
08,vision,24,0.0
08,vision,25,0.0
08,vision,26,0.0
08,vision,27,0.0
08,vision,28,0.0
08,vision,29,0.0
08,vision,30,0.0
08,vision,31,0.0
08,vision,32,0.0
08,vision,33,0.0
08,vision,34,0.0
08,vision,35,0.0
08,vision,36,0.0
08,vision,37,0.0
08,vision,38,0.0
08,vision,39,0.0
08,vision,40,0.0
08,vision,41,0.0
08,vision,42,0.0
08,vision,43,0.0
08,vision,44,0.0
08,vision,45,0.0
08,vision,46,0.0
08,vision,47,0.0
08,vision,48,0.0
08,vision,49,0.0
09,text,0,0.0
09,text,1,0.0
09,text,2,0.0
09,text,3,0.0
09,text,4,0.0
09,text,5,0.0724833607673645
09,text,6,0.06885799765586853
09,text,7,0.05261219631541859
09,text,8,0.026683752353374775
09,text,9,0.0013707784505990835
09,text,10,0.0
09,text,11,0.0012609660625457764
09,text,12,0.0025219321250915527
09,text,13,0.0
09,text,14,0.0701448917388916
09,text,15,0.07604006358555385
09,text,16,0.08869296312332153
09,text,17,0.10531388010297503
09,text,18,0.13170915842056274
09,text,19,0.0
09,text,20,0.0
09,text,21,0.0
09,text,22,0.0
09,text,23,0.0
09,text,24,0.0
09,text,25,0.0
09,text,26,0.0
09,text,27,0.0
09,text,28,0.0
09,text,29,0.0
09,text,30,0.0
09,text,31,0.0
09,text,32,0.0
09,text,33,0.0
09,text,34,0.0
09,text,35,0.0
09,text,36,0.0
09,text,37,0.0
09,text,38,0.0
09,text,39,0.0
09,text,40,0.0
09,text,41,0.0
09,text,42,0.0
09,text,43,0.0
09,text,44,0.0
09,text,45,0.0
09,text,46,0.0
09,text,47,0.0
09,text,48,0.0
09,text,49,0.0
09,audio,0,0.0
09,audio,1,0.0
09,audio,2,0.015874862670898438
09,audio,3,0.015874862670898438
09,audio,4,0.0
09,audio,5,0.0
09,audio,6,0.0
09,audio,7,0.0
09,audio,8,0.0
09,audio,9,0.00019278893103966347
09,audio,10,0.0015643076463179154
09,audio,11,0.003429621458053589
09,audio,12,0.005377829074859619
09,audio,13,0.0
09,audio,14,0.10909587144851685
09,audio,15,0.10140047754560198
09,audio,16,0.10420936346054077
09,audio,17,0.10458718027387347
09,audio,18,0.10850852727890015
09,audio,19,0.0
09,audio,20,0.0
09,audio,21,0.0
09,audio,22,0.0
09,audio,23,0.0
09,audio,24,0.0
09,audio,25,0.0
09,audio,26,0.0
09,audio,27,0.0
09,audio,28,0.0
09,audio,29,0.0
09,audio,30,0.0
09,audio,31,0.0
09,audio,32,0.0
09,audio,33,0.0
09,audio,34,0.0
09,audio,35,0.0
09,audio,36,0.0
09,audio,37,0.0
09,audio,38,0.0
09,audio,39,0.0
09,audio,40,0.0
09,audio,41,0.0
09,audio,42,0.0
09,audio,43,0.0
09,audio,44,0.0
09,audio,45,0.0
09,audio,46,0.0
09,audio,47,0.0
09,audio,48,0.0
09,audio,49,0.0
09,vision,0,0.0
09,vision,1,0.0
09,vision,2,0.03427934646606445
09,vision,3,0.03427934646606445
09,vision,4,0.0
09,vision,5,0.05947846174240112
09,vision,6,0.05344805121421814
09,vision,7,0.04838416793129661
09,vision,8,0.039503941169151895
09,vision,9,0.02944021958571214
09,vision,10,0.01778004386208274
09,vision,11,0.008303970098495483
09,vision,12,0.0004105567932128906
09,vision,13,0.0
09,vision,14,0.0
09,vision,15,0.0
09,vision,16,0.0
09,vision,17,0.0
09,vision,18,0.0
09,vision,19,0.0
09,vision,20,0.0
09,vision,21,0.0
09,vision,22,0.0
09,vision,23,0.0
09,vision,24,0.0
09,vision,25,0.0
09,vision,26,0.0
09,vision,27,0.0
09,vision,28,0.0
09,vision,29,0.0
09,vision,30,0.0
09,vision,31,0.0
09,vision,32,0.0
09,vision,33,0.0
09,vision,34,0.0
09,vision,35,0.0
09,vision,36,0.0
09,vision,37,0.0
09,vision,38,0.0
09,vision,39,0.0
09,vision,40,0.0
09,vision,41,0.0
09,vision,42,0.0
09,vision,43,0.0
09,vision,44,0.0
09,vision,45,0.0
09,vision,46,0.0
09,vision,47,0.0
09,vision,48,0.0
09,vision,49,0.0
10,text,0,0.0
10,text,1,0.0
10,text,2,0.0
10,text,3,0.0
10,text,4,0.0
10,text,5,0.0
10,text,6,0.0
10,text,7,0.0
10,text,8,0.0003009183066231864
10,text,9,0.005428433418273926
10,text,10,0.013379318373543876
10,text,11,0.02557689802987235
10,text,12,0.03719799859183175
10,text,13,0.027743731226239885
10,text,14,0.016385231699262346
10,text,15,0.009050233023507255
10,text,16,0.0034878935132707867
10,text,17,0.0
10,text,18,0.0
10,text,19,0.0
10,text,20,0.0
10,text,21,0.0
10,text,22,0.0
10,text,23,0.0
10,text,24,0.01454963002886091
10,text,25,0.02844294479915074
10,text,26,0.11133323396955218
10,text,27,0.21348405801332915
10,text,28,0.33607718077572907
10,text,29,0.37177352607250214
10,text,30,0.7406512796878815
10,text,31,0.0
10,text,32,0.0
10,text,33,0.0
10,text,34,0.0
10,text,35,0.0
10,text,36,0.0
10,text,37,0.0
10,text,38,0.0
10,text,39,0.0
10,text,40,0.0
10,text,41,0.0
10,text,42,0.0
10,text,43,0.0
10,text,44,0.0
10,text,45,0.0
10,text,46,0.0
10,text,47,0.0
10,text,48,0.0
10,text,49,0.0
10,audio,0,0.0
10,audio,1,0.0
10,audio,2,0.0
10,audio,3,0.0
10,audio,4,0.034928977489471436
10,audio,5,0.03674030303955078
10,audio,6,0.034065658395940605
10,audio,7,0.02854618659386268
10,audio,8,0.02264181205204555
10,audio,9,0.013625928333827428
10,audio,10,0.00798703942980085
10,audio,11,0.00532909802028111
10,audio,12,0.009493538311549596
10,audio,13,0.01580979142870222
10,audio,14,0.023099030767168318
10,audio,15,0.01901909283229283
10,audio,16,0.016336355890546526
10,audio,17,0.008256673812866211
10,audio,18,0.0035941430500575472
10,audio,19,0.0
10,audio,20,0.0
10,audio,21,0.0
10,audio,22,0.0
10,audio,23,0.000212686402457101
10,audio,24,0.0017688785280500139
10,audio,25,0.004264678273882184
10,audio,26,0.008193254470825195
10,audio,27,0.013403709118182842
10,audio,28,0.020401304418390446
10,audio,29,0.02911946177482605
10,audio,30,0.03117305040359497
10,audio,31,0.0
10,audio,32,0.0
10,audio,33,0.0
10,audio,34,0.0
10,audio,35,0.0
10,audio,36,0.0
10,audio,37,0.0
10,audio,38,0.0
10,audio,39,0.0
10,audio,40,0.0
10,audio,41,0.0
10,audio,42,0.0
10,audio,43,0.0
10,audio,44,0.0
10,audio,45,0.0
10,audio,46,0.0
10,audio,47,0.0
10,audio,48,0.0
10,audio,49,0.0
10,vision,0,0.0
10,vision,1,0.0
10,vision,2,0.0
10,vision,3,0.0
10,vision,4,0.06684672832489014
10,vision,5,0.0641644299030304
10,vision,6,0.05826005068692294
10,vision,7,0.04884050442622258
10,vision,8,0.0398400000163487
10,vision,9,0.028575233050755093
10,vision,10,0.01819089480808803
10,vision,11,0.0107736417225429
10,vision,12,0.008016467094421387
10,vision,13,0.005475963865007673
10,vision,14,0.0018263544355119979
10,vision,15,0.0
10,vision,16,0.0
10,vision,17,0.0
10,vision,18,0.0
10,vision,19,0.0
10,vision,20,0.0
10,vision,21,0.0
10,vision,22,0.001905015536717006
10,vision,23,0.005888462066650391
10,vision,24,0.00871425015585763
10,vision,25,0.009646296501159668
10,vision,26,0.008483750479561942
10,vision,27,0.004862840359027569
10,vision,28,0.0025069063360040836
10,vision,29,0.0025521516799926758
10,vision,30,0.0014497041702270508
10,vision,31,0.0
10,vision,32,0.0
10,vision,33,0.0
10,vision,34,0.0
10,vision,35,0.0
10,vision,36,0.0
10,vision,37,0.0
10,vision,38,0.0
10,vision,39,0.0
10,vision,40,0.0
10,vision,41,0.0
10,vision,42,0.0
10,vision,43,0.0
10,vision,44,0.0
10,vision,45,0.0
10,vision,46,0.0
10,vision,47,0.0
10,vision,48,0.0
10,vision,49,0.0
11,text,0,0.0
11,text,1,0.6705395579338074
11,text,2,0.8727259635925293
11,text,3,1.1324742815711282
11,text,4,1.2979275996868427
11,text,5,0.9560196144240243
11,text,6,0.6363154223987034
11,text,7,0.3404555065291269
11,text,8,0.09787731511252266
11,text,9,0.0
11,text,10,0.0
11,text,11,0.0
11,text,12,0.0
11,text,13,0.0
11,text,14,0.0
11,text,15,0.0
11,text,16,0.0
11,text,17,0.0
11,text,18,0.0
11,text,19,0.0
11,text,20,0.0
11,text,21,0.0
11,text,22,0.0
11,text,23,0.0
11,text,24,0.0
11,text,25,0.0
11,text,26,0.0
11,text,27,0.0
11,text,28,0.0
11,text,29,0.0
11,text,30,0.0
11,text,31,0.0
11,text,32,0.0
11,text,33,0.0
11,text,34,0.0
11,text,35,0.0
11,text,36,0.0
11,text,37,0.0
11,text,38,0.0
11,text,39,0.0
11,text,40,0.0
11,text,41,0.0
11,text,42,0.0
11,text,43,0.0
11,text,44,0.0
11,text,45,0.0
11,text,46,0.0
11,text,47,0.0
11,text,48,0.0
11,text,49,0.0
11,audio,0,0.0
11,audio,1,0.03699871897697449
11,audio,2,0.03068523108959198
11,audio,3,0.03436331315474077
11,audio,4,0.029968857765197754
11,audio,5,0.021044126578739712
11,audio,6,0.004367658070155552
11,audio,7,0.0
11,audio,8,0.0028082728385925293
11,audio,9,0.028133979865482876
11,audio,10,0.07189121416636876
11,audio,11,0.10914932764493503
11,audio,12,0.13991012356498025
11,audio,13,0.16653718054294586
11,audio,14,0.14985758066177368
11,audio,15,0.0
11,audio,16,0.0
11,audio,17,0.0
11,audio,18,0.0
11,audio,19,0.0
11,audio,20,0.0
11,audio,21,0.0
11,audio,22,0.0
11,audio,23,0.0
11,audio,24,0.0
11,audio,25,0.0
11,audio,26,0.0
11,audio,27,0.0
11,audio,28,0.0
11,audio,29,0.0
11,audio,30,0.0
11,audio,31,0.0
11,audio,32,0.0
11,audio,33,0.0
11,audio,34,0.0
11,audio,35,0.0
11,audio,36,0.0
11,audio,37,0.0
11,audio,38,0.0
11,audio,39,0.0
11,audio,40,0.0
11,audio,41,0.0
11,audio,42,0.0
11,audio,43,0.0
11,audio,44,0.0
11,audio,45,0.0
11,audio,46,0.0
11,audio,47,0.0
11,audio,48,0.0
11,audio,49,0.0
11,vision,0,0.0
11,vision,1,0.031183958053588867
11,vision,2,0.03193220496177673
11,vision,3,0.03206227042458274
11,vision,4,0.026666604555570163
11,vision,5,0.018526656287057058
11,vision,6,0.009836656706673759
11,vision,7,0.0030648878642490934
11,vision,8,0.0
11,vision,9,0.0
11,vision,10,0.0008742042950221471
11,vision,11,0.0035171325390155497
11,vision,12,0.007730440659956498
11,vision,13,0.01330631971359253
11,vision,14,0.022096872329711914
11,vision,15,0.0
11,vision,16,0.0
11,vision,17,0.0
11,vision,18,0.0
11,vision,19,0.0
11,vision,20,0.0
11,vision,21,0.0
11,vision,22,0.0
11,vision,23,0.0
11,vision,24,0.0
11,vision,25,0.0
11,vision,26,0.0
11,vision,27,0.0
11,vision,28,0.0
11,vision,29,0.0
11,vision,30,0.0
11,vision,31,0.0
11,vision,32,0.0
11,vision,33,0.0
11,vision,34,0.0
11,vision,35,0.0
11,vision,36,0.0
11,vision,37,0.0
11,vision,38,0.0
11,vision,39,0.0
11,vision,40,0.0
11,vision,41,0.0
11,vision,42,0.0
11,vision,43,0.0
11,vision,44,0.0
11,vision,45,0.0
11,vision,46,0.0
11,vision,47,0.0
11,vision,48,0.0
11,vision,49,0.0
12,text,0,0.0
12,text,1,0.0
12,text,2,0.0
12,text,3,0.0
12,text,4,0.0
12,text,5,0.0
12,text,6,0.0
12,text,7,0.0
12,text,8,0.0
12,text,9,0.0
12,text,10,0.0
12,text,11,0.002118349075317383
12,text,12,0.007734641432762146
12,text,13,0.019237399101257324
12,text,14,0.018257627120384805
12,text,15,0.016960923488323506
12,text,16,0.011505853046070446
12,text,17,0.005331143736839294
12,text,18,0.004651129245758057
12,text,19,0.0
12,text,20,0.0219576358795166
12,text,21,0.028100505471229553
12,text,22,0.03085028041492809
12,text,23,0.0312026043732961
12,text,24,0.022001699967817825
12,text,25,0.011595681309700012
12,text,26,0.010198831558227539
12,text,27,0.0
12,text,28,0.0
12,text,29,0.002625688910484314
12,text,30,0.009810696948658337
12,text,31,0.01097013552983602
12,text,32,0.019926049492575905
12,text,33,0.04113928973674774
12,text,34,0.08095675706863403
12,text,35,0.0
12,text,36,0.03828433156013489
12,text,37,0.14299312978982925
12,text,38,0.21609943509101867
12,text,39,0.31088778376579285
12,text,40,0.4774465784430504
12,text,41,0.7972238212823868
12,text,42,0.0
12,text,43,0.0
12,text,44,0.0
12,text,45,0.0
12,text,46,0.0
12,text,47,0.0
12,text,48,0.0
12,text,49,0.0
12,audio,0,0.0
12,audio,1,0.0
12,audio,2,0.0
12,audio,3,0.0
12,audio,4,0.0
12,audio,5,0.0012016594409942627
12,audio,6,0.0027350902557373045
12,audio,7,0.0023461341857910155
12,audio,8,0.0008870810270309448
12,audio,9,0.0
12,audio,10,0.0
12,audio,11,0.0
12,audio,12,0.002092897891998291
12,audio,13,0.0019529624418778853
12,audio,14,0.0009526839623084435
12,audio,15,0.0
12,audio,16,0.0
12,audio,17,0.0
12,audio,18,0.0
12,audio,19,0.0
12,audio,20,0.0024450719356536865
12,audio,21,0.0012895017862319946
12,audio,22,0.0003630573099309748
12,audio,23,0.0
12,audio,24,0.0
12,audio,25,0.0
12,audio,26,0.0
12,audio,27,0.0
12,audio,28,0.0
12,audio,29,0.006806761026382446
12,audio,30,0.022883512757041237
12,audio,31,0.03709088762601217
12,audio,32,0.052016702565279876
12,audio,33,0.06852419674396515
12,audio,34,0.08298724889755249
12,audio,35,0.0
12,audio,36,0.03595253825187683
12,audio,37,0.050965145230293274
12,audio,38,0.059196102619171145
12,audio,39,0.05983307361602783
12,audio,40,0.0616082102060318
12,audio,41,0.06455311179161072
12,audio,42,0.0
12,audio,43,0.0
12,audio,44,0.0
12,audio,45,0.0
12,audio,46,0.0
12,audio,47,0.0
12,audio,48,0.0
12,audio,49,0.0
12,vision,0,0.0
12,vision,1,0.01360177993774414
12,vision,2,0.01360177993774414
12,vision,3,0.0
12,vision,4,0.01025700569152832
12,vision,5,0.008643746376037598
12,vision,6,0.00833514928817749
12,vision,7,0.009044301509857178
12,vision,8,0.008881628513336182
12,vision,9,0.006751805543899536
12,vision,10,0.0
12,vision,11,0.0036270618438720703
12,vision,12,0.004871532320976257
12,vision,13,0.007772629911249334
12,vision,14,0.006833305725684533
12,vision,15,0.0032951740118173454
12,vision,16,0.0009270798076282848
12,vision,17,0.001133158802986145
12,vision,18,0.0022630393505096436
12,vision,19,0.0
12,vision,20,0.025656282901763916
12,vision,21,0.01725095510482788
12,vision,22,0.010173570026050915
12,vision,23,0.006135731935501099
12,vision,24,0.0032497644424438477
12,vision,25,0.00047093629837036133
12,vision,26,0.0
12,vision,27,0.0
12,vision,28,0.0
12,vision,29,0.0
12,vision,30,0.0006130500273271041
12,vision,31,0.002518594264984131
12,vision,32,0.007013927806507458
12,vision,33,0.013117149472236633
12,vision,34,0.021476000547409058
12,vision,35,0.0
12,vision,36,0.007022678852081299
12,vision,37,0.0035113394260406494
12,vision,38,0.0019035458564758301
12,vision,39,0.0012319207191467286
12,vision,40,0.0007929503917694092
12,vision,41,0.0
12,vision,42,0.0
12,vision,43,0.0
12,vision,44,0.0
12,vision,45,0.0
12,vision,46,0.0
12,vision,47,0.0
12,vision,48,0.0
12,vision,49,0.0
13,text,0,0.0
13,text,1,0.0
13,text,2,0.0
13,text,3,0.0
13,text,4,0.1007554829120636
13,text,5,0.11047841608524323
13,text,6,0.10463535785675049
13,text,7,0.08894009773547833
13,text,8,0.07214666264397758
13,text,9,0.042417330401284356
13,text,10,0.0162797144481114
13,text,11,0.0029045893595768856
13,text,12,0.0
13,text,13,0.0001118779182434082
13,text,14,0.0002237558364868164
13,text,15,0.0
13,text,16,0.0007999241352081299
13,text,17,0.00039996206760406494
13,text,18,0.0
13,text,19,0.0
13,text,20,0.0
13,text,21,0.0
13,text,22,0.0
13,text,23,0.0004868166787283761
13,text,24,0.0004868166787283761
13,text,25,3.440039498465402e-06
13,text,26,0.0
13,text,27,0.0
13,text,28,0.0
13,text,29,0.0
13,text,30,0.0
13,text,31,0.0
13,text,32,0.0
13,text,33,0.0
13,text,34,0.0
13,text,35,0.0
13,text,36,0.0
13,text,37,0.0
13,text,38,0.0
13,text,39,0.0
13,text,40,0.0
13,text,41,0.0
13,text,42,0.0
13,text,43,0.0
13,text,44,0.0
13,text,45,0.0
13,text,46,0.0
13,text,47,0.0
13,text,48,0.0
13,text,49,0.0
13,audio,0,0.0
13,audio,1,0.0
13,audio,2,0.0
13,audio,3,0.0
13,audio,4,0.0057370662689208984
13,audio,5,0.00784650444984436
13,audio,6,0.01412909681146795
13,audio,7,0.019709467887878418
13,audio,8,0.02228459290095738
13,audio,9,0.02246084383555821
13,audio,10,0.023481564862387522
13,audio,11,0.02427361561701848
13,audio,12,0.028476238250732422
13,audio,13,0.03704209625720978
13,audio,14,0.04579785466194153
13,audio,15,0.0
13,audio,16,0.015802502632141113
13,audio,17,0.01195518672466278
13,audio,18,0.006987008181485263
13,audio,19,0.0023317703833946814
13,audio,20,1.6263553074428013e-06
13,audio,21,0.0
13,audio,22,0.0
13,audio,23,0.0
13,audio,24,0.0
13,audio,25,0.0
13,audio,26,0.0
13,audio,27,0.00343422456221147
13,audio,28,0.008045807480812073
13,audio,29,0.016091614961624146
13,audio,30,0.0
13,audio,31,0.0
13,audio,32,0.0
13,audio,33,0.0
13,audio,34,0.0
13,audio,35,0.0
13,audio,36,0.0
13,audio,37,0.0
13,audio,38,0.0
13,audio,39,0.0
13,audio,40,0.0
13,audio,41,0.0
13,audio,42,0.0
13,audio,43,0.0
13,audio,44,0.0
13,audio,45,0.0
13,audio,46,0.0
13,audio,47,0.0
13,audio,48,0.0
13,audio,49,0.0
13,vision,0,0.0
13,vision,1,0.0
13,vision,2,0.0
13,vision,3,0.0
13,vision,4,0.0
13,vision,5,0.0
13,vision,6,0.0
13,vision,7,0.0
13,vision,8,0.0
13,vision,9,0.0
13,vision,10,0.0
13,vision,11,0.0
13,vision,12,0.0
13,vision,13,0.0
13,vision,14,0.0
13,vision,15,0.0
13,vision,16,0.0
13,vision,17,0.0
13,vision,18,0.0
13,vision,19,0.0
13,vision,20,0.0
13,vision,21,0.0
13,vision,22,0.0
13,vision,23,0.0
13,vision,24,0.0
13,vision,25,0.0
13,vision,26,0.0
13,vision,27,0.0
13,vision,28,0.0
13,vision,29,0.0
13,vision,30,0.0
13,vision,31,0.0
13,vision,32,0.0
13,vision,33,0.0
13,vision,34,0.0
13,vision,35,0.0
13,vision,36,0.0
13,vision,37,0.0
13,vision,38,0.0
13,vision,39,0.0
13,vision,40,0.0
13,vision,41,0.0
13,vision,42,0.0
13,vision,43,0.0
13,vision,44,0.0
13,vision,45,0.0
13,vision,46,0.0
13,vision,47,0.0
13,vision,48,0.0
13,vision,49,0.0
14,text,0,0.0
14,text,1,0.10486392676830292
14,text,2,0.06349826604127884
14,text,3,0.049766280434348366
14,text,4,0.03935315517278818
14,text,5,0.0261672352041517
14,text,6,0.009678717170442854
14,text,7,0.005124121904373169
14,text,8,0.011976804052080427
14,text,9,0.02974663887705122
14,text,10,0.03429630398750305
14,text,11,0.0390446526663644
14,text,12,0.034058949777058194
14,text,13,0.01589880245072501
14,text,14,8.119429860796248e-05
14,text,15,0.0
14,text,16,0.0017548458916800363
14,text,17,0.004954431738172259
14,text,18,0.013894030026027135
14,text,19,0.023118525743484497
14,text,20,0.027705962841327373
14,text,21,0.0387877876108343
14,text,22,0.041802048683166504
14,text,23,0.03024299442768097
14,text,24,0.0
14,text,25,0.035064697265625
14,text,26,0.035064697265625
14,text,27,0.0
14,text,28,0.0
14,text,29,0.0
14,text,30,0.000743632966821844
14,text,31,0.0011440813541412354
14,text,32,0.0010523633523420854
14,text,33,0.0
14,text,34,0.0
14,text,35,0.0
14,text,36,0.0
14,text,37,0.0
14,text,38,0.0
14,text,39,0.0
14,text,40,0.0
14,text,41,0.0
14,text,42,0.0
14,text,43,0.0
14,text,44,0.0
14,text,45,0.0
14,text,46,0.0
14,text,47,0.0
14,text,48,0.0
14,text,49,0.0
14,audio,0,0.0
14,audio,1,0.0
14,audio,2,0.0
14,audio,3,0.0
14,audio,4,0.0
14,audio,5,0.0
14,audio,6,0.0
14,audio,7,0.0
14,audio,8,0.0
14,audio,9,0.0
14,audio,10,0.0
14,audio,11,0.0
14,audio,12,0.0
14,audio,13,2.6954071862357004e-05
14,audio,14,2.6954071862357004e-05
14,audio,15,0.0027565274919782367
14,audio,16,0.010996307645525252
14,audio,17,0.027136904852730886
14,audio,18,0.05606559344700405
14,audio,19,0.0845979494707925
14,audio,20,0.07414206633201012
14,audio,21,0.05916307731108232
14,audio,22,0.04594576358795166
14,audio,23,0.03908258676528931
14,audio,24,0.0
14,audio,25,0.05088627338409424
14,audio,26,0.05088627338409424
14,audio,27,0.0
14,audio,28,0.02139902114868164
14,audio,29,0.01827152818441391
14,audio,30,0.019569375298239967
14,audio,31,0.018312260508537292
14,audio,32,0.01625136895613237
14,audio,33,0.011376090347766876
14,audio,34,0.01856239140033722
14,audio,35,0.0
14,audio,36,0.0
14,audio,37,0.0
14,audio,38,0.0
14,audio,39,0.0
14,audio,40,0.0
14,audio,41,0.0
14,audio,42,0.0
14,audio,43,0.0
14,audio,44,0.0
14,audio,45,0.0
14,audio,46,0.0
14,audio,47,0.0
14,audio,48,0.0
14,audio,49,0.0
14,vision,0,0.0
14,vision,1,0.02745872735977173
14,vision,2,0.030674055218696594
14,vision,3,0.03649771213531494
14,vision,4,0.0403437981238732
14,vision,5,0.04153241430010114
14,vision,6,0.039342377867017476
14,vision,7,0.03424650004931858
14,vision,8,0.029740652867725918
14,vision,9,0.02735549637249538
14,vision,10,0.02659103274345398
14,vision,11,0.025165838854653493
14,vision,12,0.021396351712090627
14,vision,13,0.015135777848107474
14,vision,14,0.007503364767347064
14,vision,15,0.0018412768840789795
14,vision,16,0.0
14,vision,17,0.0
14,vision,18,0.0
14,vision,19,0.0
14,vision,20,0.0
14,vision,21,0.0
14,vision,22,0.0
14,vision,23,0.0
14,vision,24,0.0
14,vision,25,0.0
14,vision,26,0.0
14,vision,27,0.0
14,vision,28,0.0
14,vision,29,0.0
14,vision,30,0.0
14,vision,31,0.0
14,vision,32,0.0
14,vision,33,0.0
14,vision,34,0.0
14,vision,35,0.0
14,vision,36,0.0
14,vision,37,0.0
14,vision,38,0.0
14,vision,39,0.0
14,vision,40,0.0
14,vision,41,0.0
14,vision,42,0.0
14,vision,43,0.0
14,vision,44,0.0
14,vision,45,0.0
14,vision,46,0.0
14,vision,47,0.0
14,vision,48,0.0
14,vision,49,0.0
15,text,0,0.0
15,text,1,0.0
15,text,2,0.0
15,text,3,0.0
15,text,4,0.0
15,text,5,0.0
15,text,6,0.0
15,text,7,0.0
15,text,8,0.0
15,text,9,0.0
15,text,10,0.0
15,text,11,0.01209935120173863
15,text,12,0.0576712829726083
15,text,13,0.1057898827961513
15,text,14,0.1376940097127642
15,text,15,0.1695396900177002
15,text,16,0.15685160670961654
15,text,17,0.1474998082433428
15,text,18,0.1560926345678476
15,text,19,0.16817571900107645
15,text,20,0.1935214251279831
15,text,21,0.20895501971244812
15,text,22,0.0
15,text,23,0.0
15,text,24,0.0
15,text,25,0.0
15,text,26,0.0
15,text,27,0.0
15,text,28,0.0
15,text,29,0.0
15,text,30,0.0
15,text,31,0.0
15,text,32,0.0
15,text,33,0.0
15,text,34,0.0
15,text,35,0.0
15,text,36,0.0
15,text,37,0.0
15,text,38,0.0
15,text,39,0.0
15,text,40,0.0
15,text,41,0.0
15,text,42,0.0
15,text,43,0.0
15,text,44,0.0
15,text,45,0.0
15,text,46,0.0
15,text,47,0.0
15,text,48,0.0
15,text,49,0.0
15,audio,0,0.0
15,audio,1,0.0
15,audio,2,0.0
15,audio,3,0.0
15,audio,4,0.0008886257807413737
15,audio,5,0.0013329386711120605
15,audio,6,0.0
15,audio,7,0.004367172718048096
15,audio,8,0.00545366108417511
15,audio,9,0.003301999785683372
15,audio,10,0.0018703662432157076
15,audio,11,0.0010803427015032088
15,audio,12,0.0008832556860787528
15,audio,13,0.002695526395525251
15,audio,14,0.010092650141034807
15,audio,15,0.021026764597211565
15,audio,16,0.026102278913770403
15,audio,17,0.025583735534123013
15,audio,18,0.02219245067009559
15,audio,19,0.017376607114618473
15,audio,20,0.014051154255867004
15,audio,21,0.018357157707214355
15,audio,22,0.0
15,audio,23,0.0
15,audio,24,0.0
15,audio,25,0.0
15,audio,26,0.0
15,audio,27,0.0
15,audio,28,0.0
15,audio,29,0.0
15,audio,30,0.0
15,audio,31,0.0
15,audio,32,0.0
15,audio,33,0.0
15,audio,34,0.0
15,audio,35,0.0
15,audio,36,0.0
15,audio,37,0.0
15,audio,38,0.0
15,audio,39,0.0
15,audio,40,0.0
15,audio,41,0.0
15,audio,42,0.0
15,audio,43,0.0
15,audio,44,0.0
15,audio,45,0.0
15,audio,46,0.0
15,audio,47,0.0
15,audio,48,0.0
15,audio,49,0.0
15,vision,0,0.0
15,vision,1,0.0
15,vision,2,0.0
15,vision,3,0.001370549201965332
15,vision,4,0.0039831797281901045
15,vision,5,0.005974769592285156
15,vision,6,0.0
15,vision,7,0.0
15,vision,8,0.0
15,vision,9,0.004897746172818271
15,vision,10,0.0065764647263747
15,vision,11,0.007321264062608991
15,vision,12,0.008784004620143346
15,vision,13,0.010211484772818429
15,vision,14,0.013220344270978655
15,vision,15,0.02365992750440325
15,vision,16,0.04668159995760236
15,vision,17,0.06285013471330915
15,vision,18,0.07065472236046424
15,vision,19,0.07695609872991388
15,vision,20,0.0833415538072586
15,vision,21,0.08748450875282288
15,vision,22,0.0
15,vision,23,0.0
15,vision,24,0.0
15,vision,25,0.0
15,vision,26,0.0
15,vision,27,0.0
15,vision,28,0.0
15,vision,29,0.0
15,vision,30,0.0
15,vision,31,0.0
15,vision,32,0.0
15,vision,33,0.0
15,vision,34,0.0
15,vision,35,0.0
15,vision,36,0.0
15,vision,37,0.0
15,vision,38,0.0
15,vision,39,0.0
15,vision,40,0.0
15,vision,41,0.0
15,vision,42,0.0
15,vision,43,0.0
15,vision,44,0.0
15,vision,45,0.0
15,vision,46,0.0
15,vision,47,0.0
15,vision,48,0.0
15,vision,49,0.0
16,text,0,0.0
16,text,1,0.0131034255027771
16,text,2,0.01613010678972517
16,text,3,0.022009819746017456
16,text,4,0.03449225425720215
16,text,5,0.06036144495010376
16,text,6,0.0
16,text,7,0.01068657636642456
16,text,8,0.024556500571114675
16,text,9,0.03873634338378906
16,text,10,0.05599290984017508
16,text,11,0.03314507007598877
16,text,12,0.0
16,text,13,0.0
16,text,14,0.0
16,text,15,0.0
16,text,16,0.0
16,text,17,0.0
16,text,18,0.0
16,text,19,0.0
16,text,20,0.0
16,text,21,0.0
16,text,22,0.0
16,text,23,0.0
16,text,24,0.0
16,text,25,0.0
16,text,26,0.0
16,text,27,0.0
16,text,28,0.0
16,text,29,0.0
16,text,30,0.0
16,text,31,0.0
16,text,32,0.0
16,text,33,0.0
16,text,34,0.0
16,text,35,0.0
16,text,36,0.0
16,text,37,0.0
16,text,38,0.0
16,text,39,0.0
16,text,40,0.0
16,text,41,0.0
16,text,42,0.0
16,text,43,0.0
16,text,44,0.0
16,text,45,0.0
16,text,46,0.0
16,text,47,0.0
16,text,48,0.0
16,text,49,0.0
16,audio,0,0.0
16,audio,1,0.03701353073120117
16,audio,2,0.021150588989257812
16,audio,3,0.018506765365600586
16,audio,4,0.01476696559361049
16,audio,5,0.01369929313659668
16,audio,6,0.0
16,audio,7,0.24687105417251587
16,audio,8,0.18914416858128139
16,audio,9,0.16085290908813477
16,audio,10,0.14373717989240373
16,audio,11,0.14101570844650269
16,audio,12,0.0
16,audio,13,0.0
16,audio,14,0.0
16,audio,15,0.0
16,audio,16,0.0
16,audio,17,0.0
16,audio,18,0.0
16,audio,19,0.0
16,audio,20,0.0
16,audio,21,0.0
16,audio,22,0.0
16,audio,23,0.0
16,audio,24,0.0
16,audio,25,0.0
16,audio,26,0.0
16,audio,27,0.0
16,audio,28,0.0
16,audio,29,0.0
16,audio,30,0.0
16,audio,31,0.0
16,audio,32,0.0
16,audio,33,0.0
16,audio,34,0.0
16,audio,35,0.0
16,audio,36,0.0
16,audio,37,0.0
16,audio,38,0.0
16,audio,39,0.0
16,audio,40,0.0
16,audio,41,0.0
16,audio,42,0.0
16,audio,43,0.0
16,audio,44,0.0
16,audio,45,0.0
16,audio,46,0.0
16,audio,47,0.0
16,audio,48,0.0
16,audio,49,0.0
16,vision,0,0.0
16,vision,1,0.0
16,vision,2,0.0
16,vision,3,0.0
16,vision,4,0.0
16,vision,5,0.0
16,vision,6,0.0
16,vision,7,0.1266559362411499
16,vision,8,0.10933903285435267
16,vision,9,0.10571154952049255
16,vision,10,0.10755412919180733
16,vision,11,0.12398934364318848
16,vision,12,0.0
16,vision,13,0.0
16,vision,14,0.0
16,vision,15,0.0
16,vision,16,0.0
16,vision,17,0.0
16,vision,18,0.0
16,vision,19,0.0
16,vision,20,0.0
16,vision,21,0.0
16,vision,22,0.0
16,vision,23,0.0
16,vision,24,0.0
16,vision,25,0.0
16,vision,26,0.0
16,vision,27,0.0
16,vision,28,0.0
16,vision,29,0.0
16,vision,30,0.0
16,vision,31,0.0
16,vision,32,0.0
16,vision,33,0.0
16,vision,34,0.0
16,vision,35,0.0
16,vision,36,0.0
16,vision,37,0.0
16,vision,38,0.0
16,vision,39,0.0
16,vision,40,0.0
16,vision,41,0.0
16,vision,42,0.0
16,vision,43,0.0
16,vision,44,0.0
16,vision,45,0.0
16,vision,46,0.0
16,vision,47,0.0
16,vision,48,0.0
16,vision,49,0.0
17,text,0,0.0
17,text,1,0.002228677272796631
17,text,2,0.002002805471420288
17,text,3,0.0019168420271439986
17,text,4,0.013969659805297852
17,text,5,0.02311396598815918
17,text,6,0.018844212804521834
17,text,7,0.01598196763258714
17,text,8,0.011363658038052645
17,text,9,0.005939751863479614
17,text,10,5.179643630981445e-05
17,text,11,0.0
17,text,12,0.06432884931564331
17,text,13,0.0659269392490387
17,text,14,0.07207857478748668
17,text,15,0.05675811033982497
17,text,16,0.04359471797943115
17,text,17,0.0271845885685512
17,text,18,0.011603423527308874
17,text,19,0.0014556476048060826
17,text,20,9.683462289663461e-05
17,text,21,0.0
17,text,22,0.00021079182624816895
17,text,23,0.0004215836524963379
17,text,24,0.0
17,text,25,0.0
17,text,26,0.0
17,text,27,0.0
17,text,28,0.0
17,text,29,0.0
17,text,30,0.0
17,text,31,0.0
17,text,32,0.0
17,text,33,0.0
17,text,34,0.0
17,text,35,0.0
17,text,36,0.0
17,text,37,0.0
17,text,38,0.0
17,text,39,0.0
17,text,40,0.0
17,text,41,0.0
17,text,42,0.0
17,text,43,0.0
17,text,44,0.0
17,text,45,0.0
17,text,46,0.0
17,text,47,0.0
17,text,48,0.0
17,text,49,0.0
17,audio,0,0.0
17,audio,1,0.1292157769203186
17,audio,2,0.11605522036552429
17,audio,3,0.10078341310674493
17,audio,4,0.07490084721491887
17,audio,5,0.04391586780548096
17,audio,6,0.01697249071938651
17,audio,7,0.003956978137676532
17,audio,8,0.0
17,audio,9,0.0
17,audio,10,0.0
17,audio,11,0.0
17,audio,12,0.0
17,audio,13,0.0
17,audio,14,0.0
17,audio,15,0.003193836945753831
17,audio,16,0.009865931102207728
17,audio,17,0.019990784781319753
17,audio,18,0.027690461703709195
17,audio,19,0.0371452910559518
17,audio,20,0.031014479123629056
17,audio,21,0.02269190007990057
17,audio,22,0.021258533000946045
17,audio,23,0.023664474487304688
17,audio,24,0.0
17,audio,25,0.0
17,audio,26,0.0
17,audio,27,0.0
17,audio,28,0.0
17,audio,29,0.0
17,audio,30,0.0
17,audio,31,0.0
17,audio,32,0.0
17,audio,33,0.0
17,audio,34,0.0
17,audio,35,0.0
17,audio,36,0.0
17,audio,37,0.0
17,audio,38,0.0
17,audio,39,0.0
17,audio,40,0.0
17,audio,41,0.0
17,audio,42,0.0
17,audio,43,0.0
17,audio,44,0.0
17,audio,45,0.0
17,audio,46,0.0
17,audio,47,0.0
17,audio,48,0.0
17,audio,49,0.0
17,vision,0,0.0
17,vision,1,0.026951611042022705
17,vision,2,0.04854831099510193
17,vision,3,0.07140456546436656
17,vision,4,0.08761638861436111
17,vision,5,0.09290094035012382
17,vision,6,0.08385193347930908
17,vision,7,0.07755092474130484
17,vision,8,0.06757955117659135
17,vision,9,0.047216713428497314
17,vision,10,0.03309363126754761
17,vision,11,0.0
17,vision,12,0.0
17,vision,13,0.0
17,vision,14,0.0
17,vision,15,0.0005671244401198167
17,vision,16,0.002598013196672712
17,vision,17,0.002598013196672712
17,vision,18,0.0019184350967407227
17,vision,19,0.0006735835756574358
17,vision,20,0.0003097974337064303
17,vision,21,0.0
17,vision,22,0.0
17,vision,23,0.0
17,vision,24,0.0
17,vision,25,0.0
17,vision,26,0.0
17,vision,27,0.0
17,vision,28,0.0
17,vision,29,0.0
17,vision,30,0.0
17,vision,31,0.0
17,vision,32,0.0
17,vision,33,0.0
17,vision,34,0.0
17,vision,35,0.0
17,vision,36,0.0
17,vision,37,0.0
17,vision,38,0.0
17,vision,39,0.0
17,vision,40,0.0
17,vision,41,0.0
17,vision,42,0.0
17,vision,43,0.0
17,vision,44,0.0
17,vision,45,0.0
17,vision,46,0.0
17,vision,47,0.0
17,vision,48,0.0
17,vision,49,0.0
18,text,0,0.0
18,text,1,0.0
18,text,2,0.0
18,text,3,0.0
18,text,4,0.0
18,text,5,0.0
18,text,6,0.0
18,text,7,0.0
18,text,8,0.0
18,text,9,0.0
18,text,10,0.0
18,text,11,0.0
18,text,12,0.0
18,text,13,0.0
18,text,14,0.0
18,text,15,0.0
18,text,16,0.0
18,text,17,0.0
18,text,18,0.0
18,text,19,0.0
18,text,20,0.0
18,text,21,0.0
18,text,22,0.0
18,text,23,0.0
18,text,24,0.0
18,text,25,0.0738603046962193
18,text,26,0.22621322955404008
18,text,27,0.45943950755255564
18,text,28,0.7673603807176862
18,text,29,1.0716233934674944
18,text,30,0.7715437582560948
18,text,31,0.4748066323144095
18,text,32,0.2466556429862976
18,text,33,0.08319622278213501
18,text,34,0.002050821270261492
18,text,35,0.0012679994106292725
18,text,36,0.007122580494199481
18,text,37,0.022857593638556346
18,text,38,0.048893170697348456
18,text,39,0.08837935754231044
18,text,40,0.12408572435379028
18,text,41,0.091356988464083
18,text,42,0.05137151479721069
18,text,43,0.02397436329296657
18,text,44,0.007249214819499424
18,text,45,0.0
18,text,46,0.0
18,text,47,0.0
18,text,48,0.0
18,text,49,0.0
18,audio,0,0.0
18,audio,1,0.0
18,audio,2,0.02694055438041687
18,audio,3,0.021662791570027668
18,audio,4,0.02026289701461792
18,audio,5,0.0
18,audio,6,0.025740042328834534
18,audio,7,0.046277157962322235
18,audio,8,0.058055471290241585
18,audio,9,0.05228416277812077
18,audio,10,0.04146056908827562
18,audio,11,0.03030883182178844
18,audio,12,0.018982335925102234
18,audio,13,0.011546656489372253
18,audio,14,0.0
18,audio,15,0.0
18,audio,16,0.0
18,audio,17,0.0
18,audio,18,0.0
18,audio,19,0.01376505196094513
18,audio,20,0.012388840317726135
18,audio,21,0.013906912370161577
18,audio,22,0.016754521773411676
18,audio,23,0.023162565061024258
18,audio,24,0.03111991286277771
18,audio,25,0.04348921350070408
18,audio,26,0.060236415692738125
18,audio,27,0.08357116154261998
18,audio,28,0.08519734229360308
18,audio,29,0.08184040444237846
18,audio,30,0.05676214609827314
18,audio,31,0.029953126396451677
18,audio,32,0.013388229267937797
18,audio,33,0.0026727148464747836
18,audio,34,0.00013740999358040945
18,audio,35,0.00013740999358040945
18,audio,36,0.0
18,audio,37,0.0
18,audio,38,0.0
18,audio,39,0.0
18,audio,40,0.0
18,audio,41,0.0
18,audio,42,0.0
18,audio,43,0.0
18,audio,44,0.0
18,audio,45,0.0
18,audio,46,0.0
18,audio,47,0.0
18,audio,48,0.0
18,audio,49,0.0
18,vision,0,0.0
18,vision,1,0.0
18,vision,2,0.0
18,vision,3,0.0
18,vision,4,0.0
18,vision,5,0.0
18,vision,6,0.004649236798286438
18,vision,7,0.006232954561710358
18,vision,8,0.006901529702273282
18,vision,9,0.006444018620711107
18,vision,10,0.005877091334416316
18,vision,11,0.004902964288538153
18,vision,12,0.003818005323410034
18,vision,13,0.003092631697654724
18,vision,14,0.0
18,vision,15,0.0
18,vision,16,0.0
18,vision,17,0.0
18,vision,18,0.0
18,vision,19,0.01435251533985138
18,vision,20,0.015393160283565521
18,vision,21,0.019272999330000443
18,vision,22,0.026039627882150505
18,vision,23,0.035809968199048726
18,vision,24,0.04388822402272906
18,vision,25,0.04947386469159808
18,vision,26,0.05253952315875462
18,vision,27,0.05230395708765302
18,vision,28,0.04947088871683393
18,vision,29,0.043895219053540914
18,vision,30,0.0349445641040802
18,vision,31,0.024631913219179426
18,vision,32,0.014972384486879622
18,vision,33,0.007644900253840855
18,vision,34,0.0021826326847076416
18,vision,35,0.000674997057233538
18,vision,36,0.002221571547644479
18,vision,37,0.003329068422317505
18,vision,38,0.0029483522687639508
18,vision,39,0.001722552946635655
18,vision,40,0.0004260454859052386
18,vision,41,0.0
18,vision,42,0.00010746291705540248
18,vision,43,0.00010746291705540248
18,vision,44,0.0
18,vision,45,0.0
18,vision,46,0.0
18,vision,47,0.0
18,vision,48,0.0
18,vision,49,0.0
19,text,0,0.0
19,text,1,0.4542310833930969
19,text,2,0.5264196693897247
19,text,3,0.5899426395242865
19,text,4,0.4052113661399254
19,text,5,0.24641364812850952
19,text,6,0.12151606593813215
19,text,7,0.03836837836674282
19,text,8,0.0
19,text,9,0.0
19,text,10,0.0
19,text,11,0.0
19,text,12,0.0
19,text,13,0.0
19,text,14,0.0
19,text,15,0.0
19,text,16,0.0
19,text,17,0.0
19,text,18,0.0
19,text,19,0.0
19,text,20,0.0
19,text,21,0.0
19,text,22,0.0
19,text,23,0.0
19,text,24,0.0
19,text,25,0.0
19,text,26,0.0
19,text,27,0.0
19,text,28,0.0
19,text,29,0.0
19,text,30,0.0
19,text,31,0.0
19,text,32,0.0
19,text,33,0.0
19,text,34,0.0
19,text,35,0.0
19,text,36,0.0
19,text,37,0.0
19,text,38,0.07424795627593994
19,text,39,0.07424795627593994
19,text,40,0.0
19,text,41,0.0
19,text,42,0.0
19,text,43,0.0
19,text,44,0.0
19,text,45,0.0
19,text,46,0.0
19,text,47,0.0
19,text,48,0.0
19,text,49,0.0
19,audio,0,0.0
19,audio,1,0.00012060999870300293
19,audio,2,0.0025120526552200317
19,audio,3,0.007212281227111816
19,audio,4,0.01680257687201867
19,audio,5,0.029713571071624756
19,audio,6,0.04671264546258109
19,audio,7,0.05601581505366734
19,audio,8,0.04531088045665196
19,audio,9,0.030497119976924017
19,audio,10,0.016645583239468662
19,audio,11,0.006974399089813232
19,audio,12,0.002210676670074463
19,audio,13,0.0
19,audio,14,0.0
19,audio,15,0.0
19,audio,16,0.0
19,audio,17,0.0
19,audio,18,0.001490448202405657
19,audio,19,0.007145098277500698
19,audio,20,0.02003798314503261
19,audio,21,0.041458802563803535
19,audio,22,0.07276348556791033
19,audio,23,0.09570423194340297
19,audio,24,0.11123238291059222
19,audio,25,0.10300159454345703
19,audio,26,0.08920608248029437
19,audio,27,0.06183249216813307
19,audio,28,0.03424099358645352
19,audio,29,0.017249763011932373
19,audio,30,0.009395033121109009
19,audio,31,0.0
19,audio,32,0.0
19,audio,33,0.0
19,audio,34,0.0
19,audio,35,0.0
19,audio,36,0.0
19,audio,37,0.0
19,audio,38,0.0
19,audio,39,0.0
19,audio,40,0.0
19,audio,41,0.0
19,audio,42,0.0
19,audio,43,0.0
19,audio,44,0.0
19,audio,45,0.0
19,audio,46,0.0
19,audio,47,0.0
19,audio,48,0.0
19,audio,49,0.0
19,vision,0,0.0
19,vision,1,0.0023988187313079834
19,vision,2,0.0041313618421554565
19,vision,3,0.006290890953757546
19,vision,4,0.005909121953524076
19,vision,5,0.004881799221038818
19,vision,6,0.0035344958305358887
19,vision,7,0.0036145448684692383
19,vision,8,0.004991105624607631
19,vision,9,0.004480288578913762
19,vision,10,0.0027881969105113635
19,vision,11,0.0017060190439224243
19,vision,12,0.0019627809524536133
19,vision,13,0.0
19,vision,14,0.0
19,vision,15,0.0
19,vision,16,0.0005524050105701793
19,vision,17,0.0026912689208984375
19,vision,18,0.006141585963112968
19,vision,19,0.011771619319915771
19,vision,20,0.02036780970437186
19,vision,21,0.027038395404815674
19,vision,22,0.029451915196010044
19,vision,23,0.027348697185516357
19,vision,24,0.02187239272253854
19,vision,25,0.0157495311328343
19,vision,26,0.011001672063555037
19,vision,27,0.008267521858215332
19,vision,28,0.006498889489607377
19,vision,29,0.005176663398742676
19,vision,30,0.0043798089027404785
19,vision,31,0.0
19,vision,32,0.010764777660369873
19,vision,33,0.010032704898289271
19,vision,34,0.009094402194023132
19,vision,35,0.008853810174124581
19,vision,36,0.0085829496383667
19,vision,37,0.0
19,vision,38,0.004136204719543457
19,vision,39,0.004136204719543457
19,vision,40,0.0
19,vision,41,0.0
19,vision,42,0.0
19,vision,43,0.0
19,vision,44,0.0
19,vision,45,0.0
19,vision,46,0.0
19,vision,47,0.0
19,vision,48,0.0
19,vision,49,0.0
20,text,0,0.0
20,text,1,0.04331398010253906
20,text,2,0.06465236345926921
20,text,3,0.09697854518890381
20,text,4,0.0
20,text,5,0.04306122660636902
20,text,6,0.022059187293052673
20,text,7,0.012146147814663973
20,text,8,0.007083599384014423
20,text,9,0.0026767424174717496
20,text,10,0.0
20,text,11,0.0
20,text,12,0.0
20,text,13,0.0
20,text,14,0.0
20,text,15,0.003075242042541504
20,text,16,0.006150484085083008
20,text,17,0.0
20,text,18,0.05452948808670044
20,text,19,0.03801362216472626
20,text,20,0.03015534444288774
20,text,21,0.025277330325200006
20,text,22,0.014408435140337263
20,text,23,0.008178412914276123
20,text,24,0.005895410265241351
20,text,25,0.004103302955627441
20,text,26,0.002674749919346401
20,text,27,0.0
20,text,28,0.0
20,text,29,0.0
20,text,30,0.0
20,text,31,0.0
20,text,32,0.0
20,text,33,0.0
20,text,34,0.0
20,text,35,0.0
20,text,36,0.0008984506130218506
20,text,37,0.0009200423955917358
20,text,38,0.004685228521173651
20,text,39,0.006248851617177327
20,text,40,0.010811047120527788
20,text,41,0.021247610449790955
20,text,42,0.04249522089958191
20,text,43,0.0
20,text,44,0.0
20,text,45,0.0
20,text,46,0.0
20,text,47,0.0
20,text,48,0.0
20,text,49,0.0
20,audio,0,0.0
20,audio,1,0.01714414358139038
20,audio,2,0.013290643692016602
20,audio,3,0.011452794075012207
20,audio,4,0.0
20,audio,5,0.009127914905548096
20,audio,6,0.004907727241516113
20,audio,7,0.0017865571108731356
20,audio,8,0.0
20,audio,9,0.0
20,audio,10,0.0042613063539777484
20,audio,11,0.01295719827924456
20,audio,12,0.018253743648529053
20,audio,13,0.018581060262826774
20,audio,14,0.014025243845852938
20,audio,15,0.013907909393310547
20,audio,16,0.005335956811904907
20,audio,17,0.0
20,audio,18,0.0
20,audio,19,0.0007697641849517822
20,audio,20,0.0018782182173295455
20,audio,21,0.006621745916513296
20,audio,22,0.015137876783098494
20,audio,23,0.029914251395634243
20,audio,24,0.04445981979370117
20,audio,25,0.05247112682887486
20,audio,26,0.03889615195138114
20,audio,27,0.02592609478877141
20,audio,28,0.01282102411443537
20,audio,29,0.003945201635360718
20,audio,30,0.0
20,audio,31,0.0
20,audio,32,0.0
20,audio,33,0.0
20,audio,34,0.0
20,audio,35,0.0
20,audio,36,0.04158198833465576
20,audio,37,0.03826913237571716
20,audio,38,0.037481828169389206
20,audio,39,0.03603645165761312
20,audio,40,0.033268310806967995
20,audio,41,0.02952994406223297
20,audio,42,0.02870839834213257
20,audio,43,0.0
20,audio,44,0.0
20,audio,45,0.0
20,audio,46,0.0
20,audio,47,0.0
20,audio,48,0.0
20,audio,49,0.0
20,vision,0,0.0
20,vision,1,0.0
20,vision,2,0.0
20,vision,3,0.0
20,vision,4,0.0
20,vision,5,0.06039983034133911
20,vision,6,0.06667816638946533
20,vision,7,0.07374862107363614
20,vision,8,0.08033622228182279
20,vision,9,0.08618358203342982
20,vision,10,0.09035359961645943
20,vision,11,0.09346053430012294
20,vision,12,0.0957769410950797
20,vision,13,0.09532692799201378
20,vision,14,0.09359134327281605
20,vision,15,0.09122224152088165
20,vision,16,0.09181413054466248
20,vision,17,0.0
20,vision,18,0.08827587962150574
20,vision,19,0.08666042983531952
20,vision,20,0.08800868554548784
20,vision,21,0.08789762166830209
20,vision,22,0.08351064579827445
20,vision,23,0.06978097132274083
20,vision,24,0.052849488598959785
20,vision,25,0.0343516298702785
20,vision,26,0.01709226199558803
20,vision,27,0.0035622119903564453
20,vision,28,0.0
20,vision,29,0.0
20,vision,30,0.0
20,vision,31,0.0
20,vision,32,0.0
20,vision,33,0.0
20,vision,34,0.0
20,vision,35,0.0
20,vision,36,0.0
20,vision,37,0.0
20,vision,38,0.0
20,vision,39,0.0
20,vision,40,0.0
20,vision,41,0.0
20,vision,42,0.0
20,vision,43,0.0
20,vision,44,0.0
20,vision,45,0.0
20,vision,46,0.0
20,vision,47,0.0
20,vision,48,0.0
20,vision,49,0.0
